house_area_sqft,lot_area_sqft,bedrooms,bathrooms,year_built,overall_quality,garage_capacity,basement_area_sqft,distance_to_city_center_km,neighborhood,renovation_status,sale_price
2276.0,6818.0,6.0,4.5,1972.0,7.0,2.0,1391.0,11.0,Yeka,Not renovated,1236544.0
1910.0,6308.0,5.0,4.0,1986.0,5.0,2.0,604.0,16.9,Nifas Silk,Partially renovated,824039.0
1900.0,4385.0,3.0,2.0,1993.0,7.0,2.0,0.0,6.0,Lideta,Not renovated,927803.0
1850.0,6478.0,3.0,2.0,2007.0,8.0,2.0,1518.0,5.7,Lideta,,936696.0
1067.0,3637.0,2.0,2.0,1960.0,3.0,1.0,530.0,1.3,Arada,Fully renovated,559547.0
1967.0,5601.0,4.0,3.5,1963.0,4.0,2.0,511.0,10.9,Bole,Fully renovated,974215.0
978.0,3932.0,1.0,1.0,2005.0,6.0,0.0,727.0,2.6,,Fully renovated,749356.0
1183.0,5451.0,4.0,3.5,1956.0,6.0,3.0,,1.2,Yeka,Not renovated,713088.0
2414.0,4317.0,6.0,4.0,1986.0,6.0,2.0,0.0,6.7,Bole,Not renovated,1399561.0
2063.0,5413.0,5.0,4.0,1998.0,5.0,3.0,488.0,9.1,Bole,Fully renovated,1181184.0
2570.0,9853.0,6.0,5.0,2003.0,8.0,2.0,1635.0,10.8,Arada,Partially renovated,1482470.0
1413.0,5931.0,4.0,3.5,1992.0,7.0,2.0,1008.0,3.4,Bole,Not renovated,964298.0
1048.0,3489.0,2.0,2.0,1988.0,6.0,0.0,850.0,3.1,Arada,Not renovated,538968.0
1428.0,1795.0,3.0,3.5,2012.0,8.0,1.0,,5.4,Arada,Not renovated,991645.0
1605.0,5615.0,4.0,3.0,2001.0,7.0,0.0,962.0,4.1,Yeka,Partially renovated,970476.0
1592.0,2720.0,3.0,2.0,1982.0,5.0,0.0,767.0,6.8,Kirkos,Fully renovated,933931.0
2279.0,8014.0,6.0,4.0,1996.0,7.0,3.0,0.0,5.4,Bole,Not renovated,1310627.0
1371.0,4002.0,3.0,2.5,2003.0,5.0,2.0,1126.0,2.4,Arada,Not renovated,744707.0
1747.0,6527.0,5.0,2.5,2024.0,8.0,2.0,1054.0,11.0,Bole,Not renovated,1105338.0
1108.0,4297.0,2.0,1.5,2011.0,6.0,2.0,503.0,6.8,Lideta,Partially renovated,513204.0
1806.0,6360.0,4.0,3.0,2019.0,6.0,2.0,0.0,9.0,Nifas Silk,Not renovated,726319.0
1552.0,4858.0,3.0,3.0,1983.0,5.0,2.0,0.0,2.5,Lideta,Not renovated,752832.0
1201.0,,3.0,2.5,1985.0,8.0,2.0,895.0,6.7,Lideta,Partially renovated,807210.0
1431.0,5973.0,3.0,2.0,1990.0,6.0,2.0,420.0,7.9,Nifas Silk,Not renovated,817040.0
1456.0,5940.0,3.0,3.0,1992.0,6.0,2.0,600.0,5.3,Bole,Partially renovated,972231.0
1414.0,1987.0,3.0,3.0,1975.0,6.0,1.0,1026.0,2.0,Bole,Partially renovated,889741.0
2831.0,8983.0,6.0,4.0,2020.0,7.0,3.0,1576.0,4.9,Kirkos,Not renovated,1458812.0
1499.0,,3.0,2.0,2013.0,7.0,0.0,0.0,7.4,Arada,Partially renovated,714267.0
1427.0,6845.0,3.0,1.5,1989.0,7.0,2.0,529.0,9.4,Nifas Silk,,557474.0
760.0,3075.0,1.0,1.0,2008.0,7.0,0.0,463.0,1.4,Arada,Partially renovated,487426.0
1144.0,3613.0,4.0,3.0,1999.0,10.0,1.0,0.0,5.2,Nifas Silk,Partially renovated,797402.0
1417.0,4412.0,3.0,2.5,2009.0,6.0,1.0,0.0,1.7,Bole,Not renovated,848732.0
1228.0,3308.0,4.0,2.5,1968.0,5.0,2.0,746.0,7.5,Yeka,Not renovated,609884.0
2479.0,9158.0,5.0,3.5,1992.0,5.0,2.0,1610.0,8.8,Bole,Not renovated,1214670.0
1465.0,3389.0,4.0,2.5,1994.0,7.0,3.0,884.0,2.3,Nifas Silk,Not renovated,859179.0
2402.0,3664.0,6.0,4.5,2007.0,8.0,2.0,0.0,2.0,Nifas Silk,Not renovated,1054387.0
1583.0,6361.0,3.0,2.5,1982.0,6.0,2.0,459.0,3.0,Lideta,Not renovated,781578.0
1570.0,5683.0,5.0,4.0,1945.0,5.0,3.0,0.0,4.2,Arada,Partially renovated,822929.0
1504.0,3421.0,3.0,2.5,1973.0,5.0,2.0,0.0,2.7,Yeka,Not renovated,773352.0
1552.0,3547.0,4.0,2.5,1994.0,7.0,3.0,912.0,7.9,Bole,Fully renovated,1135748.0
2781.0,12347.0,6.0,4.0,1996.0,7.0,1.0,891.0,9.4,Yeka,Partially renovated,1552575.0
704.0,3085.0,2.0,1.5,2024.0,7.0,1.0,357.0,5.0,Nifas Silk,Not renovated,502841.0
785.0,3032.0,1.0,1.0,2007.0,5.0,0.0,301.0,2.8,,Partially renovated,444257.0
1289.0,2998.0,4.0,3.0,1997.0,7.0,0.0,412.0,4.1,Bole,Not renovated,1105361.0
1558.0,3346.0,4.0,4.0,1994.0,6.0,2.0,608.0,5.0,Nifas Silk,Fully renovated,833308.0
1960.0,3646.0,5.0,4.5,2017.0,7.0,1.0,1184.0,3.9,Kirkos,Fully renovated,1120578.0
1820.0,7070.0,5.0,3.5,1983.0,8.0,2.0,1201.0,4.4,Kirkos,Fully renovated,1306804.0
1360.0,1348.0,4.0,3.5,1992.0,7.0,2.0,1080.0,8.9,Arada,Partially renovated,823081.0
2192.0,3054.0,6.0,5.0,1973.0,7.0,0.0,686.0,2.7,Yeka,Fully renovated,1362393.0
2200.0,8168.0,4.0,2.5,2023.0,6.0,2.0,1617.0,14.7,Lideta,Partially renovated,959637.0
1650.0,7557.0,3.0,3.0,2003.0,7.0,2.0,1069.0,5.1,Bole,Fully renovated,1060954.0
2150.0,8533.0,4.0,3.0,1981.0,7.0,3.0,893.0,3.8,Arada,Not renovated,962379.0
1701.0,5055.0,4.0,2.5,1993.0,4.0,1.0,588.0,2.6,Kirkos,Fully renovated,1048812.0
1281.0,4049.0,3.0,2.5,2005.0,6.0,3.0,0.0,2.8,Yeka,Partially renovated,815043.0
1965.0,5495.0,4.0,3.5,1990.0,5.0,2.0,643.0,4.7,Nifas Silk,Not renovated,872413.0
1609.0,3589.0,4.0,3.0,1984.0,5.0,2.0,1320.0,5.1,Bole,Fully renovated,909228.0
1551.0,4586.0,3.0,2.5,1982.0,6.0,2.0,551.0,3.7,Nifas Silk,Partially renovated,656942.0
2558.0,7082.0,6.0,4.0,2002.0,9.0,2.0,1586.0,,Arada,Fully renovated,1783353.0
674.0,2190.0,1.0,1.5,1988.0,5.0,0.0,461.0,4.7,Nifas Silk,Not renovated,321178.0
957.0,3066.0,3.0,2.5,1986.0,8.0,0.0,0.0,2.8,Lideta,Partially renovated,639727.0
1035.0,4443.0,3.0,2.5,1968.0,4.0,3.0,0.0,1.1,Lideta,Partially renovated,580083.0
1370.0,2344.0,4.0,3.5,1997.0,6.0,3.0,0.0,7.0,Yeka,Not renovated,766056.0
1421.0,3587.0,4.0,2.5,1991.0,6.0,2.0,0.0,1.3,Nifas Silk,Partially renovated,671583.0
928.0,1734.0,2.0,1.5,1989.0,7.0,1.0,0.0,3.6,Nifas Silk,Partially renovated,404197.0
1109.0,3043.0,3.0,1.5,1999.0,7.0,2.0,471.0,4.3,Kirkos,Not renovated,795279.0
1157.0,2153.0,2.0,2.0,2010.0,7.0,2.0,0.0,10.2,Yeka,Partially renovated,830614.0
3574.0,6271.0,6.0,4.0,2009.0,6.0,2.0,2337.0,1.2,Bole,Not renovated,1795885.0
2860.0,10638.0,6.0,4.5,2006.0,5.0,0.0,0.0,7.5,Yeka,Fully renovated,1381406.0
1348.0,4377.0,2.0,2.0,1990.0,8.0,0.0,925.0,8.2,Arada,Fully renovated,787803.0
1370.0,6671.0,3.0,3.0,1984.0,6.0,2.0,438.0,12.1,Arada,Not renovated,818116.0
1049.0,2016.0,2.0,1.0,1974.0,4.0,3.0,0.0,9.2,Kirkos,Not renovated,441097.0
810.0,900.0,2.0,2.0,1983.0,4.0,0.0,242.0,4.4,Nifas Silk,Not renovated,387760.0
1490.0,3877.0,3.0,3.5,1995.0,5.0,3.0,996.0,7.7,Bole,Not renovated,853579.0
1104.0,1999.0,3.0,3.5,1979.0,7.0,2.0,776.0,10.5,Kirkos,Fully renovated,701288.0
1506.0,3479.0,4.0,3.5,1997.0,6.0,1.0,0.0,0.9,Yeka,Not renovated,1078094.0
900.0,4281.0,3.0,2.5,1976.0,7.0,0.0,610.0,1.7,Yeka,Not renovated,576130.0
1196.0,2038.0,3.0,2.0,1962.0,6.0,2.0,575.0,5.5,Arada,Not renovated,741055.0
1630.0,3381.0,3.0,3.0,2011.0,6.0,2.0,1137.0,8.1,Yeka,Partially renovated,1068959.0
1756.0,5829.0,4.0,,1986.0,7.0,0.0,0.0,6.8,Bole,Fully renovated,1182221.0
1786.0,5715.0,3.0,3.0,1978.0,6.0,1.0,0.0,5.8,Bole,Not renovated,788772.0
989.0,2782.0,3.0,2.0,1973.0,7.0,0.0,252.0,12.0,Yeka,Not renovated,491307.0
2073.0,5215.0,5.0,4.0,2003.0,5.0,2.0,1117.0,3.7,Yeka,Not renovated,1025795.0
1181.0,3339.0,4.0,3.5,2022.0,6.0,2.0,0.0,2.7,Kirkos,Not renovated,752799.0
1922.0,3289.0,4.0,3.5,1987.0,6.0,2.0,1325.0,3.2,Kirkos,Not renovated,898557.0
1544.0,3994.0,3.0,3.0,1991.0,4.0,0.0,922.0,5.5,Bole,Partially renovated,889683.0
971.0,2941.0,2.0,1.5,2016.0,7.0,1.0,0.0,4.3,Arada,Partially renovated,714389.0
1392.0,5787.0,3.0,2.0,1959.0,5.0,2.0,0.0,8.4,Kirkos,Not renovated,722875.0
1755.0,4495.0,4.0,4.0,2024.0,6.0,3.0,803.0,2.8,Yeka,Partially renovated,1108348.0
1909.0,4944.0,4.0,4.5,2024.0,7.0,2.0,,6.0,Kirkos,,1068519.0
1477.0,2561.0,4.0,3.5,1941.0,7.0,1.0,729.0,7.7,Lideta,Not renovated,684096.0
2609.0,4674.0,6.0,4.0,1993.0,7.0,2.0,1823.0,10.5,Lideta,Not renovated,1508647.0
2183.0,3869.0,6.0,4.0,1981.0,6.0,3.0,0.0,1.9,Bole,,1349512.0
1420.0,4571.0,4.0,3.5,1990.0,6.0,2.0,464.0,3.2,Arada,Not renovated,826461.0
2000.0,4672.0,5.0,4.5,1987.0,6.0,2.0,875.0,4.1,Lideta,Fully renovated,1052359.0
2991.0,10798.0,6.0,4.0,2011.0,4.0,3.0,786.0,1.5,Lideta,Fully renovated,1330776.0
3019.0,5140.0,6.0,4.5,1993.0,4.0,2.0,1211.0,5.8,Nifas Silk,Fully renovated,1244098.0
1021.0,4229.0,2.0,2.0,1977.0,4.0,3.0,542.0,5.7,Kirkos,Not renovated,536561.0
1131.0,4395.0,3.0,3.0,1992.0,5.0,0.0,819.0,5.4,Kirkos,Not renovated,634963.0
2568.0,3652.0,5.0,3.5,2005.0,7.0,2.0,1184.0,3.9,Kirkos,,1556077.0
1082.0,909.0,4.0,2.5,1971.0,5.0,3.0,0.0,9.8,Lideta,,498469.0
989.0,1312.0,3.0,3.0,1962.0,6.0,0.0,688.0,3.2,Bole,Not renovated,663797.0
1314.0,5322.0,3.0,3.0,2024.0,8.0,2.0,,9.2,Nifas Silk,Partially renovated,676610.0
1788.0,3568.0,4.0,3.0,1982.0,6.0,2.0,722.0,3.2,Kirkos,Not renovated,837693.0
1497.0,4987.0,4.0,3.5,1992.0,7.0,1.0,,1.9,Arada,Partially renovated,908164.0
1242.0,3276.0,3.0,2.0,1987.0,5.0,2.0,375.0,4.5,Nifas Silk,Fully renovated,632365.0
1232.0,4293.0,3.0,2.0,2006.0,6.0,2.0,610.0,5.0,Bole,Partially renovated,815211.0
1217.0,3440.0,3.0,3.0,2024.0,5.0,2.0,762.0,6.1,Yeka,Not renovated,743815.0
1149.0,3534.0,3.0,2.5,2007.0,6.0,2.0,301.0,0.7,Bole,Fully renovated,1026835.0
3367.0,15202.0,6.0,5.0,1965.0,8.0,2.0,0.0,3.6,Kirkos,Partially renovated,2001306.0
1715.0,4211.0,4.0,4.0,1967.0,4.0,1.0,722.0,14.1,Nifas Silk,Not renovated,665141.0
2095.0,8011.0,5.0,3.5,1987.0,7.0,2.0,812.0,3.0,Bole,Partially renovated,1280678.0
1313.0,2074.0,3.0,2.0,1990.0,7.0,2.0,939.0,8.2,Nifas Silk,Not renovated,500285.0
1455.0,4442.0,3.0,2.5,1961.0,5.0,2.0,0.0,18.0,Yeka,Not renovated,527977.0
1216.0,5039.0,4.0,3.0,2011.0,4.0,2.0,0.0,15.7,Kirkos,Partially renovated,575564.0
629.0,1938.0,1.0,1.5,1973.0,6.0,1.0,241.0,2.1,Bole,Not renovated,454218.0
970.0,2659.0,3.0,2.5,2024.0,5.0,1.0,0.0,7.8,Yeka,Not renovated,514710.0
837.0,1630.0,2.0,1.5,2024.0,7.0,1.0,308.0,8.1,Kirkos,Partially renovated,526914.0
721.0,1429.0,3.0,2.5,1990.0,6.0,1.0,482.0,7.0,Lideta,Not renovated,446112.0
1032.0,1787.0,2.0,2.0,2004.0,9.0,2.0,378.0,1.8,Kirkos,Partially renovated,677484.0
2432.0,6996.0,5.0,4.5,1970.0,6.0,2.0,750.0,5.4,Bole,Not renovated,1502972.0
1527.0,3843.0,3.0,2.5,2007.0,5.0,2.0,1022.0,5.3,Nifas Silk,Partially renovated,713060.0
2404.0,6175.0,6.0,5.0,1985.0,6.0,1.0,0.0,1.6,Lideta,Fully renovated,1319285.0
1782.0,4545.0,3.0,2.5,1973.0,7.0,1.0,,3.8,Kirkos,Not renovated,848389.0
2022.0,4027.0,4.0,3.0,1989.0,8.0,0.0,,5.5,Arada,Partially renovated,1135222.0
1141.0,2795.0,1.0,1.0,1986.0,7.0,1.0,0.0,4.4,Arada,Not renovated,599446.0
1852.0,2603.0,4.0,3.5,1988.0,7.0,1.0,1546.0,7.3,,Not renovated,877237.0
1986.0,7915.0,4.0,3.0,2014.0,8.0,2.0,1609.0,3.7,Nifas Silk,Not renovated,991022.0
1274.0,4386.0,2.0,2.5,1979.0,4.0,2.0,0.0,5.0,Lideta,Not renovated,671110.0
1875.0,3896.0,5.0,4.5,2024.0,5.0,2.0,0.0,8.6,Kirkos,Not renovated,768083.0
1879.0,6344.0,4.0,3.5,1968.0,5.0,2.0,1412.0,13.1,Yeka,Partially renovated,992006.0
1286.0,5715.0,4.0,3.5,2024.0,6.0,2.0,0.0,1.8,Bole,Partially renovated,1005140.0
1058.0,1543.0,2.0,2.0,1975.0,4.0,1.0,555.0,7.2,Arada,Fully renovated,442155.0
1036.0,1354.0,3.0,2.0,1995.0,7.0,1.0,717.0,3.3,Bole,Fully renovated,995043.0
1596.0,2711.0,4.0,3.0,1985.0,6.0,1.0,0.0,6.1,Nifas Silk,Not renovated,810885.0
1732.0,3597.0,3.0,2.5,1988.0,4.0,2.0,1357.0,1.7,Arada,Not renovated,617830.0
1184.0,4716.0,2.0,2.0,2011.0,5.0,2.0,0.0,9.9,Yeka,Not renovated,625810.0
1564.0,6957.0,4.0,3.5,2024.0,7.0,2.0,1239.0,2.6,Kirkos,Partially renovated,1131448.0
1882.0,1889.0,4.0,3.5,2019.0,7.0,2.0,1231.0,8.7,Nifas Silk,Fully renovated,1008092.0
1913.0,6127.0,4.0,3.0,1987.0,9.0,,1061.0,1.9,Arada,Not renovated,1639114.0
2627.0,4450.0,6.0,4.0,1999.0,10.0,2.0,1414.0,1.4,Arada,Not renovated,1676931.0
2393.0,,5.0,4.5,1979.0,7.0,2.0,2081.0,4.0,Arada,Not renovated,1269176.0
1103.0,3590.0,3.0,3.0,1975.0,5.0,2.0,936.0,5.4,Bole,Fully renovated,992206.0
2747.0,7025.0,6.0,4.5,1972.0,3.0,2.0,2122.0,16.5,Bole,Not renovated,1132323.0
1294.0,1977.0,4.0,3.0,1986.0,7.0,2.0,945.0,5.3,Lideta,Partially renovated,702434.0
2211.0,7692.0,5.0,4.0,2000.0,5.0,,1355.0,2.1,Yeka,Not renovated,1112067.0
1586.0,7163.0,4.0,3.0,1957.0,6.0,1.0,691.0,7.8,Yeka,Not renovated,912167.0
1347.0,3626.0,2.0,2.0,1994.0,5.0,2.0,0.0,11.0,Lideta,Not renovated,462076.0
838.0,1703.0,1.0,2.5,2024.0,6.0,1.0,222.0,2.5,Nifas Silk,Partially renovated,481121.0
1462.0,2615.0,4.0,3.5,2017.0,8.0,2.0,722.0,8.5,Bole,Partially renovated,1033942.0
912.0,3399.0,2.0,2.0,1983.0,6.0,1.0,0.0,10.1,Arada,Not renovated,474867.0
2154.0,6553.0,5.0,3.0,1967.0,6.0,2.0,1300.0,7.9,Kirkos,Not renovated,997558.0
2596.0,11444.0,6.0,4.5,2004.0,5.0,2.0,,2.9,Kirkos,Not renovated,1124351.0
1182.0,4616.0,2.0,2.5,1949.0,4.0,2.0,,5.4,Bole,Not renovated,715853.0
1718.0,7358.0,4.0,3.5,2017.0,5.0,2.0,498.0,6.1,Arada,Not renovated,822606.0
1211.0,4995.0,3.0,1.0,1991.0,6.0,2.0,483.0,9.7,Arada,Not renovated,765085.0
1252.0,3698.0,2.0,2.0,2024.0,9.0,1.0,529.0,3.0,Lideta,Partially renovated,830633.0
2017.0,6741.0,6.0,5.0,1960.0,6.0,2.0,0.0,8.6,Kirkos,Fully renovated,1228905.0
1530.0,2804.0,4.0,2.0,2013.0,8.0,2.0,0.0,4.3,Yeka,Partially renovated,1068356.0
2800.0,,6.0,5.0,1993.0,5.0,3.0,1126.0,3.6,Kirkos,Partially renovated,1521963.0
1316.0,5478.0,4.0,1.5,1988.0,4.0,2.0,659.0,4.9,Yeka,Fully renovated,838912.0
2177.0,7738.0,4.0,3.5,1968.0,5.0,3.0,963.0,0.5,Kirkos,Fully renovated,1263910.0
1602.0,6445.0,4.0,3.0,2007.0,5.0,3.0,712.0,0.7,Nifas Silk,Not renovated,864455.0
2032.0,5793.0,5.0,2.5,2009.0,9.0,2.0,1609.0,1.0,Arada,Not renovated,1450489.0
1331.0,3786.0,3.0,2.5,2024.0,5.0,3.0,463.0,6.3,Bole,Not renovated,798931.0
1524.0,4524.0,4.0,4.0,2015.0,7.0,3.0,603.0,3.9,Arada,Fully renovated,1133914.0
1490.0,2506.0,3.0,2.5,1983.0,5.0,1.0,1061.0,2.9,Lideta,,657095.0
1166.0,3495.0,3.0,3.0,1975.0,8.0,2.0,,4.6,Nifas Silk,Not renovated,653532.0
1941.0,6929.0,5.0,3.5,1968.0,7.0,1.0,0.0,8.7,,Partially renovated,1076315.0
1934.0,3225.0,5.0,3.0,2024.0,6.0,2.0,1594.0,4.4,Bole,Partially renovated,1063003.0
1897.0,8172.0,3.0,3.0,1979.0,6.0,1.0,962.0,2.0,Arada,Partially renovated,1008128.0
2614.0,4591.0,5.0,5.0,2024.0,5.0,2.0,,18.0,Bole,Partially renovated,1396113.0
2537.0,5764.0,6.0,5.0,2006.0,7.0,2.0,1226.0,4.7,Nifas Silk,Partially renovated,1161999.0
1364.0,4997.0,3.0,1.5,2002.0,5.0,2.0,631.0,10.2,Nifas Silk,Fully renovated,710006.0
1760.0,2862.0,2.0,1.0,1989.0,4.0,0.0,486.0,7.9,Yeka,Not renovated,688290.0
1254.0,5751.0,4.0,2.5,2008.0,4.0,2.0,0.0,3.5,Yeka,Fully renovated,807223.0
1562.0,5453.0,4.0,2.5,1995.0,6.0,2.0,576.0,12.9,Yeka,Partially renovated,913494.0
1264.0,2078.0,2.0,2.0,1988.0,9.0,2.0,0.0,3.1,Kirkos,Not renovated,847721.0
2689.0,8783.0,6.0,4.5,2009.0,6.0,,1606.0,6.2,Bole,Fully renovated,1767217.0
1754.0,6274.0,4.0,2.5,1992.0,6.0,1.0,,5.7,Nifas Silk,Fully renovated,946200.0
1439.0,6381.0,3.0,3.0,1979.0,7.0,2.0,823.0,6.1,Lideta,Fully renovated,866837.0
2326.0,9609.0,6.0,5.0,2007.0,8.0,3.0,0.0,11.6,Lideta,Fully renovated,1181469.0
741.0,3429.0,3.0,2.0,1994.0,7.0,1.0,0.0,4.8,Lideta,Not renovated,422089.0
782.0,2109.0,3.0,2.5,2005.0,6.0,0.0,170.0,5.5,Nifas Silk,Not renovated,257172.0
2032.0,5063.0,5.0,3.0,1986.0,8.0,0.0,1369.0,5.7,Nifas Silk,,976170.0
1582.0,5187.0,4.0,3.0,1971.0,7.0,2.0,833.0,16.1,Kirkos,Fully renovated,934526.0
1688.0,7261.0,4.0,3.0,2024.0,9.0,1.0,0.0,9.7,Lideta,Fully renovated,1109332.0
987.0,3586.0,1.0,1.0,2024.0,6.0,1.0,181.0,1.3,Arada,Fully renovated,734671.0
1538.0,5397.0,4.0,3.5,2013.0,4.0,2.0,0.0,3.2,Kirkos,Fully renovated,990076.0
3063.0,7819.0,6.0,4.5,1987.0,4.0,1.0,2544.0,5.1,Nifas Silk,Partially renovated,1016044.0
2051.0,7046.0,5.0,3.5,1989.0,9.0,2.0,600.0,11.5,Nifas Silk,Not renovated,955328.0
1642.0,6687.0,4.0,,2023.0,9.0,2.0,752.0,12.2,Arada,Not renovated,837347.0
1335.0,2835.0,3.0,3.0,1988.0,6.0,2.0,358.0,4.6,Bole,Not renovated,787137.0
1355.0,3833.0,3.0,2.5,1982.0,6.0,3.0,538.0,3.1,Arada,Partially renovated,946276.0
752.0,3009.0,1.0,1.5,2024.0,8.0,1.0,247.0,4.2,Nifas Silk,Not renovated,559826.0
1692.0,3990.0,4.0,3.0,1994.0,4.0,3.0,582.0,5.2,Kirkos,Fully renovated,978627.0
2066.0,7308.0,5.0,3.5,2024.0,5.0,2.0,1074.0,4.0,Nifas Silk,Partially renovated,942504.0
907.0,1919.0,2.0,2.0,1967.0,7.0,0.0,634.0,10.3,,Not renovated,358828.0
1238.0,2549.0,3.0,2.0,2005.0,6.0,1.0,482.0,3.7,Nifas Silk,Fully renovated,689315.0
1046.0,3225.0,3.0,2.5,2024.0,6.0,2.0,280.0,2.5,Yeka,Partially renovated,873175.0
1116.0,4158.0,3.0,2.5,1996.0,6.0,2.0,722.0,4.1,Bole,Partially renovated,859389.0
1578.0,5727.0,4.0,3.0,1990.0,7.0,3.0,949.0,5.9,Kirkos,Not renovated,778317.0
763.0,2128.0,2.0,1.5,1972.0,8.0,0.0,0.0,10.4,Bole,Not renovated,451157.0
1910.0,6812.0,5.0,3.5,2017.0,6.0,2.0,0.0,2.4,Kirkos,Not renovated,871644.0
2003.0,6663.0,4.0,2.5,1980.0,7.0,2.0,1122.0,5.9,Nifas Silk,Partially renovated,1019401.0
1423.0,4663.0,2.0,2.0,1993.0,3.0,2.0,1197.0,6.0,Lideta,Partially renovated,549635.0
667.0,2630.0,1.0,1.5,1970.0,6.0,0.0,210.0,6.8,Nifas Silk,Fully renovated,247898.0
1105.0,3654.0,3.0,3.0,2024.0,5.0,1.0,942.0,3.7,Bole,Fully renovated,941676.0
2357.0,3896.0,5.0,3.5,2018.0,4.0,1.0,1538.0,6.7,Yeka,Not renovated,1083361.0
603.0,1821.0,2.0,3.0,1994.0,5.0,1.0,0.0,7.8,Nifas Silk,Fully renovated,394673.0
1377.0,4699.0,3.0,2.5,1972.0,6.0,1.0,393.0,3.7,Yeka,Not renovated,939735.0
1038.0,4924.0,3.0,2.0,2024.0,8.0,2.0,574.0,5.5,Nifas Silk,Not renovated,666491.0
2038.0,7613.0,5.0,3.5,1988.0,4.0,0.0,552.0,4.3,Nifas Silk,Partially renovated,748884.0
1232.0,2667.0,3.0,1.5,1973.0,6.0,1.0,,2.8,Yeka,Fully renovated,851983.0
1778.0,6156.0,4.0,4.0,1960.0,5.0,3.0,0.0,1.7,Arada,,986382.0
1879.0,4128.0,5.0,4.5,1982.0,6.0,3.0,0.0,3.1,Bole,Fully renovated,1402547.0
2894.0,10720.0,6.0,5.0,1966.0,8.0,2.0,2355.0,3.2,Kirkos,Not renovated,1622934.0
1447.0,5631.0,3.0,2.0,1983.0,7.0,2.0,825.0,1.7,Lideta,Not renovated,796509.0
1761.0,5135.0,5.0,5.0,2010.0,8.0,2.0,0.0,6.4,Arada,Not renovated,892706.0
936.0,2568.0,3.0,2.5,1987.0,6.0,1.0,445.0,8.2,Yeka,Partially renovated,589060.0
2323.0,5626.0,6.0,4.5,2002.0,5.0,,1446.0,4.2,Yeka,Not renovated,1169904.0
1197.0,3486.0,3.0,3.5,1981.0,6.0,1.0,445.0,4.7,Nifas Silk,Not renovated,477868.0
1281.0,5954.0,3.0,3.0,1996.0,7.0,2.0,537.0,3.4,Bole,Not renovated,1114867.0
1538.0,5602.0,4.0,4.5,2024.0,6.0,3.0,877.0,4.5,Nifas Silk,Partially renovated,892784.0
911.0,3267.0,2.0,2.0,1988.0,5.0,0.0,0.0,,Bole,Partially renovated,549510.0
1675.0,4850.0,4.0,3.0,2003.0,6.0,3.0,0.0,5.9,Kirkos,Not renovated,763310.0
2154.0,3339.0,6.0,4.0,1964.0,7.0,2.0,558.0,4.5,Yeka,Not renovated,1126065.0
1712.0,3526.0,5.0,3.0,2024.0,10.0,2.0,,3.2,Kirkos,Partially renovated,1211133.0
903.0,1719.0,3.0,2.5,1985.0,9.0,0.0,433.0,7.7,Yeka,Partially renovated,648601.0
1486.0,4508.0,3.0,3.0,2016.0,5.0,2.0,0.0,3.5,Arada,Not renovated,770520.0
1995.0,8956.0,5.0,4.0,1993.0,6.0,2.0,,1.8,Arada,Not renovated,1026242.0
819.0,1854.0,2.0,2.0,2007.0,4.0,0.0,353.0,5.2,Bole,Fully renovated,533684.0
1076.0,2412.0,2.0,1.5,2008.0,5.0,2.0,639.0,1.1,Lideta,Partially renovated,624176.0
2088.0,4525.0,5.0,4.0,1986.0,7.0,1.0,894.0,5.8,Bole,Not renovated,1284207.0
1699.0,4126.0,3.0,3.0,2017.0,8.0,2.0,0.0,6.0,Kirkos,Partially renovated,1070513.0
1783.0,7245.0,5.0,4.0,1980.0,5.0,1.0,1084.0,3.1,Bole,Partially renovated,1220527.0
2917.0,7913.0,6.0,4.5,2011.0,5.0,2.0,2207.0,3.4,Lideta,Not renovated,1317181.0
1818.0,6401.0,4.0,2.5,1987.0,3.0,1.0,,8.5,Nifas Silk,Not renovated,729410.0
1939.0,7814.0,5.0,4.5,2002.0,6.0,1.0,615.0,15.2,Nifas Silk,Fully renovated,994358.0
3896.0,6269.0,6.0,3.0,1986.0,5.0,2.0,2600.0,4.9,Arada,Not renovated,1675215.0
1441.0,4452.0,3.0,2.5,1996.0,5.0,1.0,0.0,3.1,Bole,Not renovated,712833.0
1182.0,5709.0,2.0,3.0,1974.0,5.0,,654.0,6.1,Yeka,Partially renovated,791957.0
1793.0,4977.0,4.0,2.5,2000.0,6.0,2.0,530.0,4.4,,Not renovated,1138506.0
1800.0,2737.0,5.0,3.5,1996.0,3.0,2.0,644.0,5.8,Kirkos,Partially renovated,934209.0
1296.0,5752.0,1.0,1.0,1984.0,4.0,0.0,898.0,5.3,Kirkos,Not renovated,497866.0
1091.0,4492.0,2.0,1.5,1994.0,10.0,2.0,557.0,5.3,Nifas Silk,Not renovated,694309.0
3399.0,10348.0,6.0,5.0,1998.0,4.0,2.0,2173.0,0.8,Yeka,Not renovated,1534368.0
1732.0,,4.0,3.5,1983.0,4.0,2.0,0.0,3.4,Lideta,Fully renovated,990829.0
1208.0,2168.0,2.0,2.0,1992.0,9.0,1.0,489.0,3.1,Yeka,Partially renovated,743720.0
2116.0,8377.0,5.0,4.5,1975.0,10.0,2.0,0.0,3.1,Nifas Silk,Fully renovated,1240417.0
1494.0,4282.0,4.0,3.0,2024.0,4.0,3.0,0.0,7.1,Bole,Not renovated,676703.0
1422.0,1416.0,4.0,5.0,2016.0,6.0,2.0,,2.0,Arada,Partially renovated,909323.0
1877.0,6172.0,6.0,4.5,2000.0,7.0,1.0,1325.0,0.8,Lideta,Not renovated,1187701.0
999.0,5129.0,3.0,2.5,2018.0,9.0,1.0,546.0,3.1,Bole,Partially renovated,902812.0
1747.0,7144.0,4.0,2.0,1955.0,5.0,0.0,1519.0,2.6,Nifas Silk,Not renovated,697958.0
2970.0,6156.0,6.0,4.0,1944.0,6.0,2.0,2176.0,4.9,Bole,,1681611.0
1816.0,2158.0,4.0,4.0,1987.0,7.0,3.0,1208.0,2.6,Arada,Not renovated,993257.0
1364.0,5834.0,3.0,2.0,1967.0,7.0,3.0,711.0,3.9,Bole,Not renovated,928915.0
1305.0,6403.0,2.0,1.0,1990.0,6.0,2.0,920.0,3.5,Yeka,Partially renovated,859674.0
1348.0,4050.0,2.0,2.0,1999.0,6.0,1.0,1172.0,10.1,Yeka,Not renovated,618578.0
1422.0,5501.0,3.0,3.0,2013.0,4.0,3.0,984.0,2.7,Nifas Silk,Not renovated,657769.0
1363.0,4075.0,2.0,2.0,1972.0,6.0,2.0,435.0,6.8,Arada,Fully renovated,825387.0
2117.0,6016.0,5.0,3.5,2003.0,6.0,2.0,0.0,4.5,Yeka,Not renovated,1430939.0
860.0,900.0,1.0,1.0,1995.0,7.0,0.0,223.0,8.6,Kirkos,Partially renovated,577027.0
2078.0,4095.0,3.0,2.5,2002.0,5.0,0.0,0.0,12.0,Bole,Fully renovated,1062599.0
1362.0,2774.0,2.0,2.0,1985.0,7.0,,0.0,4.4,Yeka,Partially renovated,865589.0
1762.0,7483.0,4.0,2.0,2023.0,8.0,3.0,0.0,1.2,Kirkos,Not renovated,1163286.0
1057.0,1596.0,2.0,2.5,1993.0,6.0,2.0,0.0,2.0,Bole,Partially renovated,717244.0
2435.0,5303.0,6.0,5.0,2024.0,7.0,2.0,,1.6,Nifas Silk,Partially renovated,1179160.0
2367.0,7569.0,5.0,4.5,1979.0,6.0,2.0,1813.0,3.4,Lideta,Not renovated,1067483.0
2148.0,4447.0,6.0,5.0,2010.0,6.0,0.0,793.0,3.0,Bole,Partially renovated,1218162.0
926.0,2006.0,2.0,2.0,1994.0,5.0,,195.0,5.4,Nifas Silk,Fully renovated,578426.0
2055.0,6377.0,5.0,4.0,1988.0,7.0,2.0,1334.0,8.2,Yeka,Not renovated,1220343.0
1779.0,4252.0,4.0,3.5,2008.0,6.0,3.0,0.0,1.1,Arada,Not renovated,898225.0
898.0,3820.0,2.0,1.0,1989.0,9.0,0.0,0.0,4.7,Bole,Partially renovated,725031.0
1537.0,7029.0,3.0,1.5,1942.0,9.0,2.0,956.0,2.7,Kirkos,Not renovated,869878.0
1755.0,2973.0,4.0,3.0,1940.0,7.0,2.0,825.0,4.8,Yeka,Partially renovated,915537.0
1873.0,8218.0,4.0,3.0,2020.0,5.0,2.0,658.0,3.4,Lideta,Not renovated,1041375.0
1646.0,6546.0,3.0,2.5,2020.0,4.0,2.0,1151.0,7.3,Arada,Not renovated,674735.0
1711.0,6215.0,5.0,4.0,2024.0,8.0,,1250.0,2.1,Lideta,Partially renovated,990658.0
2558.0,9151.0,6.0,5.0,1995.0,7.0,1.0,1164.0,2.8,Lideta,Fully renovated,1433919.0
2352.0,7007.0,5.0,4.5,1969.0,7.0,2.0,1144.0,4.2,Bole,Not renovated,1400078.0
585.0,2452.0,1.0,1.0,1987.0,3.0,0.0,0.0,3.6,Lideta,Fully renovated,389539.0
1391.0,,3.0,2.5,1995.0,8.0,,438.0,4.2,Lideta,Not renovated,911728.0
1466.0,2094.0,3.0,2.0,1975.0,7.0,2.0,616.0,1.3,Arada,Not renovated,731739.0
854.0,3939.0,2.0,1.5,2024.0,4.0,0.0,229.0,10.9,Yeka,Not renovated,374416.0
1600.0,5468.0,3.0,2.5,2024.0,5.0,2.0,1142.0,3.2,Bole,Not renovated,1104646.0
2370.0,8672.0,5.0,2.0,2005.0,7.0,2.0,879.0,2.2,Yeka,Partially renovated,1503099.0
1071.0,3144.0,1.0,2.5,1995.0,6.0,2.0,741.0,4.3,Lideta,Not renovated,636161.0
1738.0,2643.0,4.0,3.5,1969.0,6.0,2.0,975.0,4.7,Kirkos,Not renovated,823218.0
1135.0,2782.0,3.0,2.0,2024.0,6.0,1.0,773.0,13.9,Nifas Silk,Not renovated,568703.0
1233.0,3610.0,2.0,3.0,1997.0,6.0,2.0,1110.0,,Arada,Fully renovated,933126.0
2561.0,7817.0,6.0,4.5,1989.0,6.0,2.0,1214.0,3.6,Yeka,Fully renovated,1739532.0
1289.0,4043.0,4.0,3.0,2005.0,8.0,2.0,370.0,12.4,Lideta,Not renovated,606077.0
1814.0,4371.0,5.0,3.5,1983.0,2.0,2.0,1390.0,10.9,Bole,Not renovated,751917.0
820.0,1913.0,2.0,2.5,1998.0,6.0,1.0,80.0,2.2,Arada,Fully renovated,746611.0
2920.0,7822.0,6.0,4.5,1966.0,6.0,2.0,1235.0,15.9,Yeka,Not renovated,1187551.0
1902.0,,4.0,3.5,2017.0,7.0,3.0,457.0,3.3,Yeka,Fully renovated,1290702.0
1457.0,3244.0,2.0,2.5,1993.0,6.0,2.0,1168.0,5.1,Nifas Silk,Partially renovated,655277.0
1885.0,4964.0,4.0,3.5,2018.0,3.0,2.0,424.0,9.9,Kirkos,Fully renovated,842470.0
960.0,2434.0,3.0,2.5,1991.0,7.0,0.0,441.0,1.1,Arada,Not renovated,600428.0
2317.0,7163.0,5.0,4.5,1992.0,9.0,1.0,1287.0,4.2,Yeka,Not renovated,1504451.0
1388.0,3822.0,3.0,4.0,1971.0,4.0,2.0,0.0,,Lideta,Not renovated,621430.0
1446.0,3987.0,4.0,3.5,2010.0,8.0,3.0,593.0,8.8,Bole,Not renovated,995147.0
1311.0,5869.0,3.0,2.5,1977.0,6.0,1.0,0.0,4.6,Yeka,Not renovated,748120.0
1272.0,3044.0,3.0,2.5,1985.0,6.0,,0.0,1.1,Lideta,Fully renovated,809295.0
1963.0,7273.0,4.0,4.0,1995.0,5.0,2.0,1156.0,13.8,Yeka,Not renovated,763249.0
1691.0,1912.0,3.0,2.0,1997.0,6.0,3.0,596.0,4.7,Arada,Not renovated,925387.0
1935.0,4677.0,6.0,4.5,1961.0,8.0,,1465.0,5.8,Kirkos,Not renovated,1049413.0
1545.0,5453.0,4.0,2.5,1990.0,7.0,3.0,1023.0,1.4,Yeka,Not renovated,952710.0
1845.0,2889.0,4.0,2.5,2011.0,9.0,,0.0,10.7,Yeka,Partially renovated,1118424.0
1344.0,4450.0,3.0,2.0,1987.0,8.0,2.0,0.0,3.3,Kirkos,Not renovated,803378.0
3308.0,11795.0,6.0,4.5,1991.0,7.0,,0.0,2.7,Nifas Silk,Partially renovated,1564428.0
910.0,4408.0,2.0,3.0,1998.0,9.0,0.0,0.0,9.2,Bole,Fully renovated,756182.0
2380.0,6689.0,5.0,4.0,1992.0,7.0,2.0,743.0,1.6,Nifas Silk,Not renovated,1053218.0
2468.0,8226.0,5.0,3.5,1974.0,7.0,0.0,761.0,5.8,Bole,Partially renovated,1577077.0
1160.0,2683.0,3.0,2.0,1994.0,6.0,3.0,395.0,2.7,Lideta,Not renovated,687611.0
3308.0,4939.0,6.0,5.0,2015.0,6.0,0.0,2539.0,6.3,Arada,Not renovated,1483242.0
2174.0,3790.0,6.0,5.0,1974.0,5.0,2.0,1430.0,7.4,Bole,Fully renovated,1359594.0
2156.0,8107.0,5.0,4.0,1988.0,8.0,3.0,0.0,3.2,Lideta,Fully renovated,1231604.0
1565.0,7922.0,4.0,3.0,1967.0,4.0,3.0,1059.0,10.3,Bole,Not renovated,984774.0
1440.0,2381.0,3.0,3.0,2014.0,7.0,3.0,905.0,4.7,Arada,Not renovated,749110.0
1443.0,4358.0,3.0,2.0,1993.0,6.0,2.0,0.0,14.0,Yeka,Not renovated,681448.0
1770.0,7867.0,4.0,3.5,1978.0,8.0,1.0,1197.0,,Bole,Not renovated,1066380.0
2496.0,9699.0,6.0,5.0,1997.0,7.0,2.0,1241.0,5.0,Kirkos,Partially renovated,1424707.0
1649.0,4848.0,4.0,3.5,1971.0,9.0,1.0,887.0,5.0,Lideta,Not renovated,840114.0
1137.0,,3.0,2.0,1974.0,7.0,3.0,1080.0,1.7,Nifas Silk,Fully renovated,656718.0
2051.0,8030.0,5.0,4.0,1966.0,4.0,2.0,1596.0,9.2,Bole,Partially renovated,1169544.0
2120.0,9112.0,5.0,3.5,1974.0,6.0,2.0,0.0,3.0,Yeka,Not renovated,1016362.0
1936.0,4738.0,4.0,2.5,2022.0,4.0,0.0,0.0,5.4,Kirkos,Fully renovated,1022579.0
1997.0,7842.0,3.0,3.0,1980.0,5.0,2.0,641.0,13.9,Yeka,Partially renovated,984005.0
1414.0,2892.0,3.0,3.0,2004.0,9.0,3.0,341.0,10.1,Nifas Silk,Not renovated,690810.0
1130.0,4556.0,3.0,2.5,1978.0,7.0,2.0,314.0,2.3,Kirkos,Partially renovated,813516.0
1154.0,2346.0,3.0,2.5,2010.0,5.0,1.0,516.0,4.7,Arada,Fully renovated,690620.0
889.0,993.0,2.0,1.5,1974.0,5.0,1.0,627.0,5.8,Kirkos,Fully renovated,430090.0
1680.0,3190.0,4.0,3.0,1996.0,6.0,2.0,896.0,10.9,Yeka,Not renovated,748719.0
1507.0,4625.0,3.0,2.0,1996.0,4.0,1.0,0.0,9.9,Kirkos,Partially renovated,711866.0
1335.0,3278.0,3.0,2.0,2024.0,5.0,3.0,1051.0,6.8,Lideta,Fully renovated,806921.0
567.0,1432.0,2.0,3.0,2008.0,7.0,0.0,325.0,6.4,Bole,Fully renovated,567370.0
1014.0,2483.0,2.0,2.0,1983.0,8.0,1.0,490.0,4.6,Bole,Not renovated,666850.0
2269.0,5785.0,6.0,5.0,2009.0,7.0,2.0,1257.0,5.7,Nifas Silk,Not renovated,1029756.0
1236.0,4454.0,2.0,2.5,2024.0,3.0,2.0,0.0,3.9,Arada,Fully renovated,864799.0
1752.0,6387.0,4.0,3.5,1962.0,7.0,1.0,1040.0,7.8,Lideta,Not renovated,652867.0
966.0,3754.0,3.0,2.5,1978.0,6.0,0.0,564.0,6.6,Yeka,,647384.0
2528.0,5221.0,6.0,4.5,1990.0,7.0,0.0,0.0,9.0,Arada,Partially renovated,1279959.0
1476.0,3119.0,3.0,2.5,1987.0,9.0,2.0,0.0,8.8,Kirkos,Partially renovated,910320.0
1711.0,7421.0,4.0,3.5,1988.0,3.0,2.0,986.0,3.0,Kirkos,Partially renovated,1010246.0
3418.0,5748.0,6.0,4.5,1969.0,5.0,3.0,912.0,0.6,Arada,Not renovated,1347898.0
2596.0,7150.0,4.0,3.0,2023.0,7.0,2.0,1914.0,2.8,Lideta,Partially renovated,1276187.0
1397.0,5728.0,3.0,2.0,1967.0,4.0,2.0,639.0,5.6,Yeka,Not renovated,684462.0
1267.0,5069.0,3.0,2.5,1991.0,8.0,1.0,697.0,3.9,Lideta,Fully renovated,837673.0
1388.0,4279.0,3.0,2.5,2016.0,7.0,2.0,0.0,3.8,Bole,Not renovated,762125.0
1843.0,6392.0,4.0,2.0,1994.0,8.0,1.0,0.0,2.7,Yeka,Not renovated,1127011.0
1496.0,5264.0,4.0,3.5,1975.0,5.0,2.0,547.0,6.2,Arada,Fully renovated,863261.0
1355.0,5102.0,3.0,3.0,1968.0,7.0,1.0,582.0,1.1,Nifas Silk,Partially renovated,548479.0
2553.0,3485.0,5.0,5.0,1990.0,8.0,3.0,1196.0,6.7,Lideta,Not renovated,1218303.0
1491.0,3431.0,4.0,3.0,1980.0,7.0,3.0,1304.0,6.8,Arada,Not renovated,755317.0
3388.0,11575.0,6.0,4.0,1999.0,7.0,2.0,0.0,8.9,Nifas Silk,Partially renovated,1420894.0
1599.0,3816.0,4.0,2.5,1967.0,7.0,2.0,0.0,18.0,Yeka,Fully renovated,708614.0
2844.0,10497.0,6.0,4.5,2011.0,5.0,1.0,1705.0,0.6,Nifas Silk,Not renovated,1189774.0
1750.0,4086.0,6.0,4.5,1997.0,6.0,2.0,0.0,6.6,Nifas Silk,Fully renovated,1045604.0
2150.0,8868.0,4.0,2.5,1999.0,6.0,1.0,0.0,7.5,Arada,Not renovated,994632.0
1212.0,4700.0,3.0,2.5,2024.0,7.0,1.0,,2.8,Nifas Silk,Partially renovated,536214.0
1159.0,2777.0,3.0,1.5,1986.0,8.0,2.0,235.0,4.1,Yeka,Not renovated,765749.0
1812.0,6767.0,4.0,3.5,1980.0,5.0,2.0,1304.0,3.3,Kirkos,Not renovated,901179.0
2169.0,5607.0,6.0,4.0,1984.0,6.0,2.0,1644.0,6.9,Nifas Silk,Fully renovated,967668.0
1571.0,4765.0,4.0,3.0,1991.0,8.0,2.0,0.0,9.5,Arada,Not renovated,865825.0
1001.0,1381.0,2.0,1.0,1993.0,5.0,0.0,511.0,1.9,Bole,Fully renovated,757889.0
976.0,3200.0,2.0,1.5,1978.0,5.0,1.0,,6.2,Lideta,Not renovated,391246.0
954.0,4611.0,2.0,1.5,1955.0,7.0,0.0,598.0,10.7,Lideta,Not renovated,266874.0
850.0,3526.0,2.0,2.0,1984.0,8.0,0.0,0.0,3.0,Nifas Silk,Fully renovated,372317.0
1609.0,6316.0,4.0,3.5,2002.0,6.0,0.0,410.0,0.5,Lideta,Partially renovated,906203.0
2272.0,9807.0,5.0,4.5,1998.0,8.0,2.0,525.0,2.4,Lideta,Not renovated,1173856.0
1543.0,2573.0,4.0,3.5,2019.0,8.0,2.0,952.0,2.2,Kirkos,Partially renovated,1019638.0
719.0,3798.0,2.0,2.5,2024.0,8.0,1.0,201.0,2.5,Bole,Not renovated,606685.0
1453.0,4442.0,3.0,3.5,2010.0,7.0,2.0,460.0,13.7,Nifas Silk,,786984.0
1467.0,4701.0,3.0,3.0,2023.0,10.0,2.0,0.0,15.7,Kirkos,Not renovated,897193.0
3161.0,10012.0,6.0,4.5,2010.0,6.0,2.0,1060.0,11.6,Lideta,Partially renovated,1390672.0
944.0,3070.0,3.0,3.0,2024.0,3.0,0.0,,3.9,Lideta,Not renovated,542246.0
1357.0,3290.0,3.0,3.0,2024.0,9.0,2.0,1011.0,11.9,Arada,Partially renovated,813302.0
2768.0,6477.0,6.0,5.0,2014.0,5.0,,,0.7,Yeka,Fully renovated,1492681.0
1806.0,3432.0,3.0,1.5,2009.0,6.0,0.0,550.0,2.1,Kirkos,Fully renovated,975365.0
1877.0,5876.0,6.0,4.0,1991.0,8.0,2.0,920.0,7.9,,Not renovated,908277.0
1612.0,6876.0,3.0,2.5,1994.0,4.0,1.0,1239.0,3.2,Nifas Silk,Not renovated,482681.0
1734.0,5731.0,4.0,3.5,1988.0,4.0,2.0,833.0,1.9,Arada,Not renovated,777550.0
2019.0,7093.0,5.0,4.0,2007.0,4.0,2.0,0.0,6.1,Arada,Fully renovated,1117223.0
1177.0,2792.0,2.0,2.5,1981.0,5.0,2.0,769.0,6.2,Kirkos,Not renovated,671620.0
2089.0,5990.0,5.0,4.5,1991.0,7.0,2.0,0.0,6.6,Nifas Silk,Partially renovated,1040308.0
972.0,2037.0,2.0,2.5,1948.0,7.0,0.0,,7.1,Arada,Not renovated,475918.0
1733.0,7064.0,6.0,5.0,2024.0,7.0,0.0,996.0,5.9,Kirkos,Fully renovated,1296394.0
1647.0,3170.0,4.0,2.5,1991.0,4.0,2.0,515.0,4.4,Nifas Silk,Not renovated,544428.0
1257.0,4727.0,4.0,3.5,2004.0,3.0,2.0,865.0,5.0,Nifas Silk,Partially renovated,513837.0
1538.0,5711.0,4.0,3.0,2024.0,6.0,2.0,983.0,8.0,Arada,Fully renovated,1048578.0
1254.0,3226.0,3.0,1.5,2001.0,5.0,2.0,0.0,5.8,Arada,Fully renovated,711838.0
1077.0,4401.0,2.0,1.5,2024.0,7.0,2.0,640.0,3.4,Kirkos,Partially renovated,710549.0
1374.0,2662.0,4.0,4.0,1970.0,7.0,2.0,747.0,2.8,Kirkos,Partially renovated,930638.0
1065.0,3541.0,2.0,2.0,2024.0,6.0,3.0,340.0,4.9,Lideta,Partially renovated,614015.0
1730.0,6426.0,5.0,5.0,2017.0,7.0,2.0,0.0,10.7,Yeka,Not renovated,922977.0
1048.0,,3.0,2.5,1999.0,7.0,2.0,796.0,7.2,Kirkos,Not renovated,582787.0
1975.0,7130.0,3.0,4.0,2024.0,7.0,0.0,,11.0,Kirkos,Partially renovated,1108525.0
1037.0,4464.0,2.0,2.0,1972.0,5.0,1.0,852.0,3.8,Nifas Silk,Partially renovated,533250.0
1279.0,4762.0,3.0,2.5,1989.0,6.0,2.0,813.0,5.5,Bole,Not renovated,934716.0
1253.0,2742.0,3.0,2.0,2024.0,7.0,2.0,,6.0,Arada,Not renovated,686934.0
2432.0,10550.0,6.0,5.0,1958.0,7.0,2.0,866.0,8.2,Lideta,Partially renovated,1168088.0
1734.0,5929.0,3.0,2.0,2006.0,6.0,2.0,535.0,3.8,Bole,Not renovated,1139239.0
1442.0,4388.0,3.0,2.0,2006.0,7.0,1.0,749.0,7.1,Bole,Partially renovated,1028967.0
1836.0,7509.0,4.0,4.0,2024.0,6.0,2.0,914.0,10.3,Kirkos,Partially renovated,1039704.0
757.0,2048.0,2.0,2.5,1963.0,6.0,0.0,0.0,,Kirkos,Not renovated,291824.0
1527.0,4531.0,3.0,3.0,2024.0,7.0,2.0,841.0,2.5,Lideta,Not renovated,764358.0
3057.0,5701.0,6.0,4.5,1984.0,3.0,2.0,1959.0,10.5,,Not renovated,1047689.0
1621.0,3535.0,3.0,2.5,1986.0,4.0,3.0,0.0,7.6,Kirkos,Not renovated,703225.0
1586.0,6142.0,4.0,3.0,1971.0,4.0,1.0,1503.0,1.6,Bole,Partially renovated,902867.0
1868.0,4443.0,4.0,3.5,1973.0,3.0,2.0,765.0,4.6,Kirkos,Partially renovated,966058.0
2102.0,5708.0,4.0,4.0,2003.0,5.0,3.0,1498.0,,Bole,Fully renovated,1078782.0
786.0,,1.0,1.5,1973.0,7.0,0.0,641.0,6.8,Bole,Not renovated,376654.0
875.0,2794.0,2.0,3.0,2010.0,6.0,0.0,0.0,,Lideta,Partially renovated,534106.0
1665.0,7820.0,5.0,4.5,1982.0,7.0,3.0,725.0,2.3,Arada,Not renovated,1043540.0
1216.0,5758.0,3.0,2.5,1971.0,8.0,1.0,305.0,2.3,Yeka,Fully renovated,701873.0
2421.0,4387.0,5.0,4.5,1984.0,8.0,2.0,0.0,7.9,Nifas Silk,Not renovated,906878.0
1392.0,4416.0,1.0,2.0,2002.0,6.0,1.0,677.0,2.4,Arada,Partially renovated,766661.0
803.0,1339.0,2.0,3.0,1989.0,8.0,0.0,,6.1,Yeka,Partially renovated,695482.0
1007.0,2686.0,2.0,2.5,1996.0,6.0,2.0,0.0,4.6,Lideta,Not renovated,694802.0
609.0,2355.0,2.0,2.0,2009.0,5.0,0.0,282.0,5.8,Bole,Fully renovated,480070.0
1431.0,3420.0,3.0,2.5,2017.0,5.0,3.0,798.0,4.3,Yeka,Not renovated,806543.0
1454.0,3851.0,4.0,3.5,1989.0,4.0,,1180.0,6.6,Lideta,Not renovated,561812.0
1342.0,4245.0,4.0,4.0,1974.0,5.0,,972.0,8.8,Lideta,Partially renovated,710025.0
2237.0,6131.0,5.0,4.0,1997.0,6.0,3.0,,4.3,Nifas Silk,Not renovated,1083426.0
2330.0,6120.0,5.0,4.0,2004.0,7.0,2.0,0.0,8.4,Bole,Not renovated,1411948.0
1463.0,5745.0,3.0,2.5,1966.0,9.0,1.0,456.0,11.3,Bole,Not renovated,884299.0
750.0,2347.0,2.0,1.5,1977.0,4.0,0.0,280.0,6.0,Nifas Silk,Not renovated,240622.0
1912.0,4393.0,4.0,3.0,1981.0,7.0,2.0,981.0,,Lideta,Fully renovated,1008444.0
1872.0,6895.0,5.0,4.0,1991.0,5.0,2.0,672.0,1.9,Kirkos,Partially renovated,1164364.0
1722.0,7242.0,4.0,4.0,1980.0,7.0,2.0,1345.0,4.4,Bole,Not renovated,1081101.0
2164.0,4035.0,4.0,3.0,2009.0,6.0,1.0,1518.0,1.4,Kirkos,Not renovated,943447.0
1043.0,3277.0,4.0,3.0,1963.0,3.0,2.0,,3.4,Nifas Silk,Fully renovated,497663.0
3069.0,7419.0,6.0,4.0,1963.0,8.0,2.0,1179.0,4.4,Yeka,Fully renovated,1889644.0
1119.0,4074.0,2.0,2.0,1988.0,5.0,2.0,530.0,15.0,Kirkos,Not renovated,327893.0
2000.0,4217.0,5.0,4.5,1991.0,5.0,3.0,,2.8,Lideta,Partially renovated,1000829.0
873.0,3289.0,2.0,2.5,1966.0,5.0,0.0,437.0,4.8,Kirkos,Not renovated,503682.0
1130.0,2852.0,2.0,2.0,1983.0,5.0,2.0,312.0,2.4,Yeka,Not renovated,804180.0
2596.0,7738.0,6.0,5.0,1987.0,7.0,2.0,2102.0,4.2,Lideta,Fully renovated,1324929.0
1418.0,6199.0,3.0,2.5,1987.0,6.0,2.0,,6.7,Bole,Fully renovated,1025396.0
2062.0,4997.0,5.0,4.0,1998.0,7.0,2.0,0.0,7.3,Yeka,Not renovated,1192178.0
1680.0,6493.0,2.0,2.0,1982.0,7.0,2.0,1230.0,3.8,Nifas Silk,Fully renovated,950247.0
1496.0,7057.0,5.0,4.0,2024.0,8.0,2.0,584.0,3.1,Nifas Silk,Partially renovated,836891.0
2464.0,10370.0,6.0,4.5,2005.0,6.0,2.0,774.0,12.3,Nifas Silk,Partially renovated,976853.0
1430.0,3025.0,4.0,3.5,1979.0,4.0,2.0,845.0,3.6,Yeka,Partially renovated,811100.0
846.0,3482.0,1.0,1.0,1997.0,8.0,0.0,,0.8,Arada,Not renovated,555905.0
1180.0,1850.0,2.0,1.5,1997.0,6.0,2.0,0.0,10.4,Nifas Silk,Fully renovated,503791.0
1869.0,5300.0,4.0,4.0,2019.0,8.0,2.0,376.0,1.0,Bole,Not renovated,1398556.0
1773.0,7747.0,5.0,5.0,1983.0,7.0,2.0,557.0,10.4,Kirkos,Not renovated,920246.0
910.0,3687.0,2.0,1.0,2010.0,6.0,0.0,621.0,1.4,Lideta,Not renovated,349672.0
1212.0,3676.0,3.0,2.0,1996.0,7.0,1.0,0.0,1.7,Nifas Silk,Fully renovated,691628.0
1272.0,4043.0,3.0,2.0,2024.0,9.0,3.0,833.0,2.1,Nifas Silk,Not renovated,816716.0
1369.0,5491.0,3.0,2.5,2021.0,9.0,3.0,1031.0,3.4,Arada,Not renovated,965789.0
971.0,3826.0,2.0,2.5,1999.0,6.0,0.0,0.0,10.4,Lideta,Partially renovated,495950.0
1252.0,3745.0,4.0,3.5,1990.0,6.0,2.0,0.0,2.1,Nifas Silk,Not renovated,761742.0
1210.0,5172.0,2.0,2.0,2005.0,8.0,2.0,461.0,6.6,Bole,Not renovated,743786.0
2015.0,3967.0,4.0,3.5,1991.0,5.0,2.0,789.0,5.7,Lideta,Not renovated,794613.0
2041.0,4371.0,3.0,2.0,2024.0,7.0,3.0,825.0,5.1,Yeka,Partially renovated,1364959.0
1475.0,6453.0,3.0,2.5,1997.0,6.0,,1014.0,9.2,Arada,Not renovated,535336.0
1357.0,5803.0,3.0,2.5,1987.0,7.0,0.0,570.0,5.4,Nifas Silk,,623341.0
1626.0,3619.0,3.0,1.5,1986.0,5.0,2.0,0.0,5.7,Lideta,Partially renovated,812227.0
1174.0,2373.0,2.0,1.0,1971.0,4.0,1.0,641.0,7.8,Kirkos,Fully renovated,660093.0
1050.0,1725.0,1.0,1.0,2006.0,3.0,2.0,824.0,3.5,Kirkos,Partially renovated,616732.0
1126.0,5360.0,2.0,2.0,1979.0,4.0,2.0,641.0,4.8,Bole,Not renovated,707977.0
1249.0,2337.0,4.0,3.5,2017.0,5.0,1.0,531.0,6.0,Nifas Silk,Fully renovated,574928.0
1044.0,2879.0,3.0,3.0,1969.0,6.0,2.0,754.0,8.7,Lideta,,706288.0
1638.0,6532.0,4.0,2.0,1998.0,9.0,,0.0,4.4,Lideta,Partially renovated,865604.0
1986.0,2574.0,4.0,2.5,2018.0,8.0,2.0,1228.0,4.8,Kirkos,Not renovated,1019591.0
904.0,1991.0,1.0,1.5,1952.0,5.0,,608.0,6.5,Arada,Not renovated,420722.0
1563.0,5024.0,3.0,1.0,2024.0,7.0,1.0,0.0,4.5,Nifas Silk,Partially renovated,729894.0
1438.0,7026.0,3.0,3.0,1986.0,6.0,2.0,442.0,2.9,Lideta,Not renovated,749867.0
1741.0,4228.0,5.0,3.0,1998.0,6.0,2.0,504.0,7.7,Bole,Not renovated,1017211.0
1543.0,3335.0,4.0,3.5,2006.0,6.0,2.0,0.0,5.4,Nifas Silk,Not renovated,848516.0
946.0,2306.0,3.0,2.0,2010.0,7.0,1.0,510.0,3.7,Yeka,Not renovated,684419.0
1009.0,3379.0,2.0,2.5,2000.0,6.0,1.0,899.0,2.1,Kirkos,Partially renovated,637310.0
1566.0,6668.0,4.0,5.0,2015.0,8.0,2.0,974.0,1.0,Lideta,Not renovated,1012761.0
2199.0,3964.0,5.0,2.5,2005.0,4.0,2.0,1665.0,6.8,Nifas Silk,Partially renovated,785350.0
730.0,1619.0,2.0,2.0,2024.0,6.0,1.0,506.0,2.8,Arada,Fully renovated,674053.0
1743.0,7185.0,5.0,3.0,2005.0,10.0,2.0,1254.0,1.4,Lideta,Not renovated,1085254.0
2323.0,3766.0,4.0,3.5,2024.0,7.0,3.0,684.0,2.6,Bole,Not renovated,1442278.0
1471.0,3360.0,3.0,2.5,2013.0,8.0,2.0,0.0,,Lideta,Not renovated,616802.0
1869.0,5626.0,5.0,4.0,1959.0,6.0,1.0,1117.0,2.8,Lideta,Not renovated,662867.0
1220.0,2913.0,2.0,1.5,2024.0,7.0,2.0,0.0,6.1,Bole,Fully renovated,787797.0
1488.0,2756.0,3.0,3.0,1984.0,6.0,1.0,561.0,3.2,Lideta,Partially renovated,896833.0
893.0,2746.0,2.0,1.0,2024.0,6.0,0.0,777.0,4.8,Bole,Fully renovated,600844.0
698.0,900.0,1.0,2.0,1996.0,5.0,0.0,371.0,5.1,,Fully renovated,523215.0
2136.0,6326.0,4.0,3.0,2016.0,7.0,1.0,960.0,7.5,Kirkos,Not renovated,1036109.0
1109.0,,3.0,1.5,1981.0,5.0,2.0,772.0,7.6,Kirkos,Partially renovated,594120.0
1328.0,4407.0,4.0,4.0,2008.0,7.0,3.0,547.0,4.9,Arada,Not renovated,823380.0
967.0,1972.0,3.0,2.5,1990.0,8.0,1.0,0.0,2.4,Lideta,Not renovated,713280.0
960.0,3832.0,2.0,3.0,2024.0,7.0,1.0,625.0,9.9,Nifas Silk,Not renovated,550011.0
1461.0,3483.0,3.0,3.0,2004.0,6.0,2.0,0.0,3.6,Nifas Silk,Not renovated,708475.0
1209.0,5036.0,2.0,1.5,2014.0,7.0,2.0,566.0,0.5,Nifas Silk,Partially renovated,830044.0
1763.0,4718.0,4.0,3.0,1952.0,6.0,1.0,1077.0,5.8,Lideta,Partially renovated,755842.0
1808.0,7402.0,6.0,4.5,1993.0,8.0,1.0,885.0,6.0,Lideta,Not renovated,1046778.0
1729.0,3970.0,4.0,4.0,2003.0,3.0,1.0,0.0,3.7,Yeka,Not renovated,855126.0
1681.0,3175.0,3.0,2.5,1999.0,6.0,2.0,551.0,1.4,Bole,Partially renovated,1161286.0
2650.0,7188.0,6.0,4.5,2014.0,3.0,3.0,2157.0,1.2,Bole,Partially renovated,1406788.0
1078.0,1882.0,2.0,1.5,1988.0,4.0,3.0,756.0,3.9,Bole,Partially renovated,657346.0
1521.0,3524.0,3.0,2.5,1996.0,8.0,0.0,837.0,2.2,Yeka,Not renovated,850658.0
2278.0,8879.0,5.0,4.5,2019.0,8.0,1.0,936.0,8.7,Arada,Not renovated,1152542.0
2383.0,9073.0,5.0,4.0,1949.0,5.0,1.0,0.0,3.8,Lideta,Partially renovated,923314.0
956.0,1169.0,3.0,2.5,2007.0,4.0,0.0,555.0,3.5,Nifas Silk,Partially renovated,503010.0
1394.0,6002.0,4.0,3.0,1988.0,2.0,1.0,967.0,14.0,Arada,Not renovated,465253.0
2460.0,9515.0,6.0,4.0,1977.0,5.0,1.0,0.0,0.6,Bole,Not renovated,1321241.0
1842.0,6614.0,4.0,2.5,2002.0,10.0,2.0,1335.0,4.8,Kirkos,,1227153.0
1656.0,6116.0,3.0,2.0,2020.0,7.0,2.0,847.0,1.0,Bole,Partially renovated,1107235.0
1439.0,4119.0,4.0,4.0,2016.0,5.0,1.0,1022.0,10.5,Nifas Silk,Not renovated,513313.0
1360.0,3677.0,3.0,2.5,1992.0,7.0,2.0,587.0,1.3,Arada,Partially renovated,844895.0
1710.0,6560.0,4.0,3.5,2013.0,4.0,1.0,986.0,6.2,Yeka,Fully renovated,914994.0
1423.0,6965.0,4.0,,2012.0,6.0,0.0,755.0,5.6,Yeka,Not renovated,725161.0
1528.0,2076.0,3.0,3.0,1993.0,6.0,1.0,1286.0,1.0,Lideta,Not renovated,893610.0
1592.0,3677.0,4.0,3.0,1981.0,6.0,2.0,342.0,6.2,Nifas Silk,Not renovated,550194.0
1231.0,2078.0,4.0,3.0,1982.0,7.0,3.0,512.0,3.2,,Not renovated,822010.0
1857.0,8934.0,4.0,3.5,2012.0,7.0,,818.0,7.0,Arada,Fully renovated,1195462.0
4175.0,11477.0,6.0,4.5,1994.0,7.0,2.0,2600.0,3.1,Kirkos,Fully renovated,2430174.0
847.0,2734.0,2.0,1.0,1974.0,5.0,0.0,484.0,6.2,Bole,Not renovated,538083.0
1731.0,7725.0,3.0,3.0,1961.0,8.0,2.0,0.0,4.4,Bole,Fully renovated,1312900.0
1197.0,5166.0,2.0,2.0,2012.0,9.0,3.0,557.0,6.2,Bole,Not renovated,1055490.0
1886.0,4026.0,4.0,3.0,1984.0,5.0,2.0,833.0,6.9,Yeka,Partially renovated,878139.0
1575.0,5386.0,3.0,2.0,2002.0,5.0,3.0,1212.0,4.1,Arada,Partially renovated,858460.0
2008.0,8261.0,5.0,3.0,2020.0,8.0,2.0,1742.0,3.6,Nifas Silk,Not renovated,962603.0
2312.0,2867.0,6.0,4.5,1969.0,6.0,2.0,1754.0,6.8,Bole,Partially renovated,1192052.0
1655.0,5678.0,5.0,4.5,1994.0,8.0,,1348.0,3.3,Lideta,Partially renovated,938661.0
2278.0,6187.0,5.0,4.0,1992.0,6.0,2.0,894.0,,Bole,Not renovated,1434919.0
699.0,2371.0,1.0,1.0,2003.0,8.0,0.0,282.0,11.8,Nifas Silk,Fully renovated,356668.0
2662.0,7874.0,5.0,4.0,2020.0,6.0,3.0,0.0,4.8,,Not renovated,1435559.0
1761.0,3574.0,4.0,,1968.0,7.0,3.0,,7.6,Kirkos,Not renovated,1097371.0
2236.0,4054.0,5.0,4.5,2006.0,9.0,2.0,0.0,2.9,Yeka,Fully renovated,1857541.0
1024.0,2001.0,3.0,3.0,2016.0,6.0,3.0,690.0,6.2,,Not renovated,851799.0
1169.0,2555.0,4.0,1.5,1991.0,5.0,3.0,446.0,4.3,Lideta,Not renovated,917776.0
1629.0,4218.0,5.0,4.0,1992.0,6.0,2.0,819.0,3.7,Lideta,Not renovated,835773.0
1541.0,3470.0,4.0,2.5,2003.0,7.0,1.0,716.0,0.9,Lideta,Not renovated,821966.0
1707.0,3683.0,3.0,1.5,2002.0,4.0,1.0,,2.2,Lideta,Not renovated,720467.0
2241.0,,5.0,3.5,2007.0,7.0,0.0,0.0,0.8,Yeka,Not renovated,1241931.0
851.0,3218.0,2.0,2.0,2006.0,5.0,1.0,,14.6,Lideta,Partially renovated,394080.0
2158.0,6812.0,5.0,3.0,1975.0,8.0,3.0,0.0,4.4,Arada,Not renovated,1215289.0
1554.0,6532.0,4.0,3.5,2015.0,2.0,1.0,1127.0,4.8,Yeka,Fully renovated,804477.0
1446.0,3533.0,4.0,3.5,2018.0,5.0,2.0,748.0,,Yeka,Fully renovated,787377.0
940.0,3637.0,1.0,1.0,1999.0,4.0,0.0,659.0,,Nifas Silk,Not renovated,413244.0
1839.0,3662.0,5.0,3.5,1965.0,5.0,2.0,752.0,3.7,Lideta,Fully renovated,847560.0
682.0,2162.0,2.0,1.5,1993.0,7.0,1.0,233.0,3.7,Yeka,Fully renovated,526689.0
1932.0,8595.0,3.0,3.0,1999.0,6.0,2.0,764.0,2.1,Bole,Fully renovated,1332550.0
933.0,3854.0,2.0,1.0,1972.0,6.0,1.0,0.0,6.5,Arada,Partially renovated,472505.0
1578.0,5858.0,4.0,4.0,1988.0,6.0,2.0,959.0,6.6,Kirkos,Not renovated,948501.0
1488.0,4852.0,4.0,3.0,1967.0,7.0,1.0,419.0,4.9,Lideta,Not renovated,702586.0
2307.0,6310.0,5.0,4.0,2007.0,5.0,2.0,1207.0,4.3,Bole,Fully renovated,1535554.0
1459.0,5755.0,4.0,2.0,1998.0,7.0,0.0,914.0,6.7,Arada,Not renovated,778263.0
1224.0,4619.0,3.0,2.5,1962.0,7.0,,0.0,2.0,Yeka,Fully renovated,871991.0
1305.0,5760.0,2.0,2.0,2002.0,7.0,2.0,0.0,6.0,Yeka,Partially renovated,853763.0
2389.0,6888.0,5.0,3.0,1994.0,7.0,1.0,829.0,12.2,Kirkos,Not renovated,1002307.0
1860.0,2917.0,5.0,4.0,2005.0,7.0,2.0,0.0,3.0,Yeka,Not renovated,1105302.0
1360.0,4871.0,4.0,3.0,1987.0,9.0,1.0,1057.0,4.0,Yeka,,1146007.0
1430.0,2708.0,4.0,3.0,1979.0,6.0,3.0,1258.0,10.2,Lideta,Not renovated,741608.0
910.0,2116.0,3.0,3.0,1980.0,6.0,1.0,405.0,4.9,Kirkos,Partially renovated,472169.0
1769.0,3776.0,5.0,2.5,1984.0,5.0,2.0,1302.0,8.0,Kirkos,Fully renovated,818748.0
852.0,,2.0,2.0,1995.0,5.0,0.0,547.0,6.2,Arada,Not renovated,399984.0
2001.0,5095.0,4.0,4.0,1998.0,4.0,1.0,1632.0,6.6,Kirkos,Not renovated,997696.0
1619.0,,5.0,4.5,1991.0,5.0,3.0,513.0,2.8,Kirkos,Partially renovated,964463.0
3490.0,5152.0,6.0,4.5,1987.0,6.0,2.0,2065.0,2.8,Nifas Silk,Fully renovated,1503963.0
1066.0,5100.0,2.0,1.5,1988.0,7.0,0.0,643.0,7.4,Nifas Silk,Not renovated,366977.0
1497.0,5478.0,3.0,,2024.0,6.0,2.0,688.0,1.6,Lideta,Not renovated,722406.0
2857.0,4780.0,6.0,4.5,1980.0,5.0,1.0,873.0,4.2,Nifas Silk,Not renovated,968257.0
2324.0,3501.0,4.0,3.5,1984.0,8.0,2.0,652.0,6.7,Bole,Not renovated,1429214.0
1223.0,3698.0,3.0,2.0,2024.0,7.0,2.0,0.0,4.0,Nifas Silk,Not renovated,724870.0
1673.0,3783.0,3.0,3.0,2003.0,6.0,1.0,0.0,4.4,Lideta,Not renovated,661671.0
1551.0,4380.0,4.0,4.5,1967.0,5.0,2.0,1013.0,8.3,Kirkos,Fully renovated,937504.0
1706.0,4691.0,4.0,3.0,2012.0,7.0,1.0,538.0,11.0,Nifas Silk,Not renovated,785066.0
1222.0,5361.0,3.0,2.0,1977.0,6.0,2.0,0.0,18.0,Bole,Fully renovated,561944.0
1504.0,4426.0,3.0,2.0,2013.0,4.0,2.0,686.0,10.4,Arada,Fully renovated,734316.0
900.0,3212.0,2.0,2.0,1991.0,6.0,1.0,695.0,3.5,Kirkos,Partially renovated,706140.0
1623.0,1454.0,5.0,4.0,1986.0,7.0,2.0,454.0,2.5,Bole,Partially renovated,1134775.0
1806.0,7837.0,5.0,4.5,2024.0,5.0,3.0,1296.0,3.5,Nifas Silk,Not renovated,721660.0
1435.0,7743.0,4.0,3.0,2006.0,6.0,2.0,0.0,6.8,Yeka,Partially renovated,912663.0
895.0,3748.0,2.0,2.5,2014.0,4.0,0.0,848.0,3.7,Nifas Silk,Not renovated,498327.0
2169.0,5817.0,6.0,4.5,2004.0,8.0,1.0,1669.0,2.9,Nifas Silk,Not renovated,1209112.0
1755.0,4018.0,5.0,3.5,1986.0,8.0,2.0,920.0,,Bole,Partially renovated,1418405.0
1211.0,4386.0,2.0,1.5,2007.0,6.0,1.0,787.0,3.7,Lideta,Not renovated,564899.0
1409.0,4531.0,3.0,2.0,2019.0,7.0,3.0,851.0,6.4,Lideta,Not renovated,732395.0
931.0,1806.0,1.0,2.0,1998.0,2.0,0.0,508.0,6.3,Yeka,Partially renovated,461855.0
1094.0,3138.0,3.0,2.5,2024.0,4.0,2.0,866.0,1.0,Bole,Not renovated,763902.0
1291.0,2758.0,4.0,3.5,2012.0,6.0,2.0,509.0,11.4,Kirkos,Not renovated,731108.0
2354.0,8772.0,6.0,4.0,1999.0,5.0,2.0,1249.0,1.9,Arada,Not renovated,1038224.0
1247.0,4414.0,2.0,1.0,2000.0,7.0,1.0,1085.0,1.4,Bole,Not renovated,876192.0
1927.0,6370.0,5.0,3.5,1998.0,9.0,2.0,822.0,3.4,Arada,Partially renovated,1188524.0
1291.0,4628.0,2.0,2.5,1970.0,4.0,2.0,333.0,2.5,Kirkos,Partially renovated,676113.0
1686.0,3228.0,3.0,2.0,1993.0,5.0,2.0,708.0,10.3,Bole,Not renovated,962374.0
1477.0,4173.0,4.0,2.5,1999.0,7.0,1.0,0.0,5.7,Bole,Partially renovated,849899.0
2086.0,2723.0,5.0,4.0,1987.0,9.0,3.0,1604.0,3.1,Bole,Fully renovated,1635001.0
1292.0,5796.0,3.0,3.0,2002.0,4.0,1.0,435.0,1.4,Yeka,Partially renovated,679741.0
908.0,1658.0,2.0,2.5,1995.0,7.0,0.0,541.0,6.2,Bole,Partially renovated,656782.0
969.0,2154.0,2.0,2.0,2010.0,9.0,1.0,0.0,3.9,Arada,Partially renovated,779544.0
1294.0,3053.0,3.0,3.0,2008.0,4.0,1.0,880.0,6.7,Arada,,722320.0
1014.0,2950.0,2.0,2.0,1998.0,4.0,0.0,685.0,5.7,Bole,Fully renovated,634822.0
1782.0,5936.0,4.0,2.5,1968.0,6.0,2.0,1363.0,2.6,Nifas Silk,Not renovated,902065.0
1323.0,3138.0,3.0,2.0,2024.0,5.0,2.0,583.0,7.3,Nifas Silk,Not renovated,606887.0
3475.0,5728.0,6.0,4.0,1992.0,7.0,2.0,1531.0,1.7,Bole,,1974116.0
859.0,2743.0,1.0,1.0,1993.0,7.0,0.0,656.0,3.8,Nifas Silk,Partially renovated,531109.0
1661.0,4071.0,5.0,4.5,1988.0,3.0,2.0,0.0,4.2,Lideta,Not renovated,421554.0
1056.0,2150.0,1.0,1.5,1985.0,7.0,1.0,614.0,4.6,Yeka,Fully renovated,714030.0
1311.0,2986.0,3.0,2.5,2024.0,5.0,0.0,461.0,1.7,Bole,Not renovated,703739.0
1626.0,6601.0,3.0,1.0,2023.0,8.0,2.0,533.0,10.0,Arada,Partially renovated,868792.0
703.0,1146.0,2.0,3.0,2004.0,5.0,0.0,0.0,2.6,Nifas Silk,Not renovated,514317.0
1680.0,6480.0,4.0,2.5,1993.0,5.0,2.0,597.0,1.1,Nifas Silk,Not renovated,713444.0
2960.0,,6.0,5.0,2007.0,7.0,1.0,1912.0,5.9,Nifas Silk,Not renovated,1459095.0
1329.0,4754.0,3.0,1.5,1996.0,7.0,2.0,0.0,14.5,Bole,Partially renovated,648633.0
1693.0,4440.0,4.0,2.5,1991.0,7.0,0.0,0.0,0.9,Yeka,Not renovated,857752.0
2196.0,8896.0,5.0,2.5,2002.0,4.0,2.0,0.0,2.2,Lideta,Not renovated,947366.0
1466.0,4335.0,2.0,2.0,1986.0,7.0,1.0,0.0,8.3,Bole,Partially renovated,847001.0
1272.0,4070.0,4.0,2.5,2000.0,5.0,2.0,774.0,4.8,Bole,Fully renovated,939353.0
715.0,1804.0,1.0,1.0,1999.0,7.0,0.0,446.0,1.7,Nifas Silk,Partially renovated,429675.0
1927.0,4690.0,5.0,3.0,2007.0,4.0,2.0,1203.0,4.1,Yeka,Partially renovated,1003563.0
1491.0,2145.0,4.0,,1983.0,7.0,0.0,651.0,12.4,Bole,Not renovated,760993.0
1098.0,2775.0,3.0,3.0,2009.0,5.0,2.0,420.0,10.7,Nifas Silk,Fully renovated,572278.0
1618.0,2826.0,3.0,3.5,1977.0,4.0,1.0,308.0,18.0,Arada,Not renovated,579029.0
1271.0,3071.0,3.0,2.0,1984.0,7.0,2.0,567.0,7.5,Lideta,Fully renovated,855742.0
1295.0,3470.0,2.0,2.0,1984.0,7.0,1.0,0.0,3.3,Kirkos,Fully renovated,805856.0
1905.0,7463.0,4.0,2.5,1974.0,5.0,0.0,1544.0,8.3,Arada,Not renovated,770999.0
983.0,900.0,2.0,1.5,2015.0,8.0,0.0,199.0,2.8,Yeka,Not renovated,602207.0
2213.0,6875.0,5.0,3.5,1976.0,6.0,0.0,1237.0,4.4,Kirkos,Partially renovated,1262319.0
964.0,3057.0,3.0,2.5,1981.0,6.0,1.0,838.0,2.8,Kirkos,Partially renovated,704309.0
1237.0,1071.0,4.0,3.5,2020.0,7.0,2.0,,7.5,Bole,Partially renovated,751176.0
2980.0,5905.0,6.0,5.0,1984.0,5.0,2.0,1758.0,7.1,Kirkos,Fully renovated,1329664.0
2274.0,5015.0,6.0,4.0,1991.0,7.0,3.0,630.0,3.0,Kirkos,Partially renovated,1256241.0
1602.0,3064.0,4.0,3.5,1975.0,5.0,2.0,1080.0,9.5,Lideta,Not renovated,677818.0
1126.0,2736.0,2.0,2.0,2012.0,6.0,,469.0,11.4,Lideta,Partially renovated,554441.0
1295.0,3784.0,3.0,2.5,2012.0,8.0,,940.0,3.3,Yeka,Not renovated,930782.0
1589.0,5199.0,4.0,3.0,2010.0,5.0,1.0,602.0,6.2,Kirkos,Partially renovated,833881.0
1570.0,1520.0,3.0,2.0,2006.0,2.0,2.0,946.0,11.8,Kirkos,Fully renovated,746701.0
1503.0,2806.0,4.0,4.0,1996.0,9.0,1.0,847.0,5.9,Bole,Not renovated,1109041.0
1534.0,1853.0,4.0,3.5,1985.0,10.0,3.0,0.0,3.8,Nifas Silk,Fully renovated,994512.0
1441.0,5728.0,2.0,2.0,1979.0,6.0,2.0,0.0,4.5,Lideta,Fully renovated,867631.0
949.0,1531.0,1.0,1.0,2021.0,3.0,0.0,555.0,3.3,Kirkos,Not renovated,320823.0
1300.0,3535.0,3.0,4.0,2010.0,6.0,2.0,0.0,9.7,Lideta,Fully renovated,714755.0
2115.0,3977.0,4.0,4.0,1981.0,6.0,1.0,1142.0,8.9,Arada,Partially renovated,1026393.0
973.0,900.0,2.0,1.5,1996.0,6.0,1.0,522.0,16.2,Kirkos,Not renovated,453645.0
1453.0,6955.0,4.0,3.0,1989.0,4.0,2.0,502.0,2.7,Kirkos,Not renovated,607574.0
1173.0,3300.0,2.0,1.5,1972.0,7.0,2.0,643.0,3.1,Nifas Silk,Not renovated,554679.0
1610.0,2720.0,3.0,2.5,1999.0,7.0,2.0,1078.0,1.4,Arada,Partially renovated,1177251.0
1358.0,1916.0,4.0,3.0,1987.0,4.0,1.0,690.0,6.8,Kirkos,Not renovated,655831.0
2561.0,10260.0,6.0,5.0,1976.0,7.0,2.0,0.0,2.0,Kirkos,Not renovated,1454892.0
1841.0,6016.0,4.0,4.0,1965.0,9.0,2.0,1331.0,15.7,Nifas Silk,Fully renovated,1028276.0
992.0,3127.0,2.0,1.0,1964.0,6.0,1.0,,2.5,,Partially renovated,483197.0
1947.0,8357.0,4.0,2.5,1988.0,6.0,3.0,1447.0,0.9,Arada,Partially renovated,1185318.0
1191.0,2159.0,2.0,1.5,1993.0,6.0,2.0,582.0,1.9,Arada,Fully renovated,748868.0
1274.0,5832.0,4.0,3.0,1977.0,7.0,2.0,,5.8,Nifas Silk,Not renovated,660116.0
1725.0,3736.0,4.0,4.5,2008.0,4.0,3.0,644.0,4.5,Nifas Silk,Not renovated,793771.0
1311.0,4234.0,4.0,3.5,1994.0,6.0,2.0,1040.0,2.5,Bole,Partially renovated,965885.0
2100.0,5185.0,5.0,4.5,2007.0,6.0,3.0,1860.0,4.3,Nifas Silk,Not renovated,995680.0
1191.0,3455.0,2.0,1.5,1991.0,9.0,2.0,708.0,3.0,Arada,Not renovated,842600.0
1256.0,5395.0,3.0,2.5,1979.0,6.0,2.0,952.0,6.7,Yeka,Partially renovated,843481.0
1240.0,2807.0,1.0,1.0,1997.0,9.0,1.0,0.0,2.0,Kirkos,Not renovated,864348.0
1279.0,6139.0,3.0,3.0,1970.0,4.0,0.0,861.0,5.2,Lideta,Partially renovated,779596.0
2252.0,5159.0,5.0,4.0,2006.0,7.0,,,5.4,Arada,Partially renovated,1318671.0
1919.0,5863.0,5.0,4.5,1976.0,7.0,0.0,1412.0,4.6,Yeka,Partially renovated,1117381.0
2772.0,11825.0,5.0,3.5,2013.0,5.0,,1122.0,6.2,Lideta,Not renovated,1136507.0
3351.0,4920.0,6.0,4.5,1988.0,6.0,2.0,0.0,4.3,Yeka,Not renovated,1588741.0
1092.0,5035.0,3.0,2.5,2016.0,8.0,2.0,490.0,7.4,Bole,Fully renovated,991019.0
1588.0,5228.0,5.0,4.5,1973.0,6.0,1.0,0.0,4.6,Kirkos,Fully renovated,1091304.0
1039.0,4288.0,2.0,1.0,1981.0,4.0,2.0,286.0,9.9,Yeka,Not renovated,336265.0
1190.0,2465.0,3.0,3.0,2003.0,6.0,3.0,0.0,5.2,Yeka,Not renovated,860275.0
1251.0,3953.0,2.0,2.0,2018.0,5.0,2.0,0.0,9.5,Bole,Partially renovated,897991.0
1082.0,4391.0,3.0,2.0,2024.0,6.0,2.0,625.0,3.1,Bole,Not renovated,837546.0
1084.0,3315.0,2.0,1.0,1996.0,6.0,2.0,524.0,2.2,Lideta,Not renovated,816016.0
1476.0,2872.0,2.0,1.5,2024.0,4.0,,766.0,7.4,Yeka,Not renovated,657887.0
1025.0,2990.0,2.0,2.5,1989.0,4.0,2.0,311.0,4.6,Nifas Silk,Not renovated,462500.0
2064.0,8429.0,5.0,5.0,2017.0,7.0,3.0,792.0,0.6,Arada,Not renovated,1276394.0
1135.0,1613.0,2.0,2.0,1976.0,5.0,2.0,377.0,2.7,Arada,Not renovated,634565.0
4029.0,14134.0,6.0,5.0,2003.0,2.0,2.0,1320.0,5.8,Lideta,Fully renovated,1467300.0
1329.0,6330.0,2.0,2.0,1948.0,7.0,3.0,0.0,4.3,Bole,Not renovated,881000.0
1588.0,2957.0,2.0,2.5,1973.0,7.0,1.0,961.0,2.6,Nifas Silk,Not renovated,790595.0
998.0,1912.0,3.0,2.0,2004.0,5.0,1.0,509.0,4.6,Kirkos,Not renovated,624333.0
2769.0,10362.0,6.0,4.0,1969.0,4.0,2.0,1033.0,5.1,Bole,Fully renovated,1410755.0
2268.0,2719.0,5.0,3.5,2004.0,7.0,0.0,1713.0,1.1,Yeka,Not renovated,1315043.0
1715.0,5544.0,4.0,2.0,2013.0,7.0,2.0,1021.0,9.4,Yeka,Not renovated,1108403.0
981.0,3449.0,3.0,3.0,1985.0,10.0,1.0,840.0,10.7,Lideta,Partially renovated,617452.0
1665.0,5038.0,4.0,3.0,1976.0,7.0,2.0,1030.0,2.7,Bole,Partially renovated,1270579.0
1059.0,3907.0,3.0,2.0,1986.0,7.0,1.0,336.0,14.2,Yeka,Fully renovated,547052.0
2548.0,9080.0,6.0,4.0,1976.0,6.0,,1945.0,4.4,Bole,Not renovated,1419752.0
2041.0,6455.0,4.0,3.0,1993.0,7.0,1.0,1475.0,2.9,Kirkos,Not renovated,1044202.0
1601.0,3348.0,4.0,4.0,1997.0,7.0,3.0,0.0,2.9,Arada,Not renovated,1031241.0
677.0,1143.0,2.0,3.0,1989.0,8.0,,521.0,13.6,Nifas Silk,Partially renovated,501554.0
1109.0,4211.0,2.0,1.0,2024.0,5.0,3.0,593.0,2.1,Kirkos,Not renovated,674410.0
1958.0,7313.0,4.0,3.0,1981.0,6.0,2.0,1031.0,5.2,Bole,Not renovated,1208719.0
2341.0,6449.0,5.0,3.5,2023.0,5.0,2.0,1805.0,5.6,Kirkos,Not renovated,1262656.0
2260.0,5079.0,5.0,4.5,1974.0,7.0,2.0,1235.0,7.4,Lideta,Fully renovated,1186100.0
902.0,2199.0,1.0,1.5,1996.0,9.0,,522.0,4.9,Nifas Silk,Not renovated,516535.0
1717.0,4441.0,5.0,3.5,2019.0,5.0,2.0,0.0,13.0,,Not renovated,813019.0
2189.0,3507.0,4.0,3.0,2018.0,6.0,2.0,622.0,14.5,Kirkos,Fully renovated,1034427.0
882.0,3705.0,2.0,1.5,1987.0,7.0,0.0,339.0,11.2,Arada,Partially renovated,475619.0
1546.0,3171.0,3.0,3.5,2006.0,6.0,1.0,705.0,6.0,Kirkos,Partially renovated,1048225.0
1701.0,6292.0,4.0,3.5,2003.0,8.0,2.0,0.0,8.4,Yeka,Partially renovated,1045368.0
1399.0,2251.0,2.0,2.0,1984.0,3.0,3.0,785.0,3.7,Nifas Silk,Not renovated,608408.0
826.0,1390.0,3.0,1.0,2007.0,5.0,0.0,394.0,9.6,Lideta,Fully renovated,458926.0
1388.0,3474.0,3.0,2.5,2024.0,5.0,2.0,575.0,3.1,Lideta,Not renovated,671624.0
1387.0,2866.0,4.0,4.5,2004.0,3.0,0.0,759.0,2.3,Nifas Silk,Fully renovated,680183.0
1474.0,4945.0,3.0,3.0,2006.0,5.0,,,2.3,Kirkos,Not renovated,981337.0
1280.0,5705.0,3.0,1.5,2008.0,5.0,2.0,821.0,6.8,Lideta,Partially renovated,699874.0
1333.0,5609.0,4.0,3.0,1966.0,6.0,2.0,0.0,12.0,,Partially renovated,831386.0
1529.0,3784.0,3.0,2.0,2004.0,8.0,2.0,1193.0,12.6,Kirkos,Not renovated,951288.0
1802.0,6547.0,5.0,5.0,1975.0,6.0,1.0,0.0,,Kirkos,Not renovated,949141.0
1398.0,2806.0,3.0,2.5,1983.0,5.0,2.0,1147.0,8.7,Kirkos,Partially renovated,626720.0
1348.0,5866.0,3.0,2.0,2024.0,6.0,0.0,599.0,2.2,Lideta,Not renovated,840559.0
1599.0,4717.0,4.0,3.0,1990.0,8.0,2.0,993.0,18.0,Kirkos,Fully renovated,930694.0
807.0,2370.0,2.0,1.0,1980.0,5.0,1.0,0.0,1.7,Yeka,Not renovated,567079.0
1823.0,3904.0,4.0,2.5,2018.0,5.0,3.0,1430.0,1.1,Nifas Silk,Partially renovated,826703.0
1550.0,2467.0,3.0,2.5,1976.0,7.0,3.0,405.0,8.9,Yeka,Partially renovated,927893.0
1571.0,3338.0,3.0,3.0,1986.0,6.0,3.0,663.0,3.6,Yeka,Not renovated,798585.0
2149.0,8928.0,5.0,3.0,2020.0,7.0,1.0,0.0,3.4,Arada,Partially renovated,1218415.0
798.0,2414.0,2.0,1.5,1996.0,6.0,1.0,574.0,2.7,Bole,Partially renovated,576254.0
792.0,3088.0,2.0,2.5,1964.0,7.0,1.0,451.0,3.0,Lideta,Partially renovated,430380.0
1701.0,2678.0,5.0,3.0,2006.0,5.0,2.0,431.0,9.1,Bole,Partially renovated,1161157.0
1546.0,4472.0,3.0,2.5,1987.0,6.0,2.0,0.0,2.3,Kirkos,Partially renovated,691718.0
1642.0,3889.0,3.0,2.5,2024.0,6.0,1.0,692.0,4.3,Nifas Silk,Not renovated,632575.0
1325.0,4714.0,2.0,3.0,1983.0,4.0,2.0,846.0,2.1,Lideta,Not renovated,684030.0
1943.0,4262.0,6.0,4.5,2016.0,4.0,2.0,479.0,5.1,Nifas Silk,Not renovated,805919.0
2128.0,5067.0,5.0,4.0,2024.0,7.0,2.0,,3.4,Bole,Partially renovated,1337052.0
1827.0,5330.0,5.0,4.5,1978.0,6.0,2.0,1069.0,6.4,Kirkos,Fully renovated,1144130.0
1418.0,2696.0,2.0,1.0,1991.0,5.0,2.0,,7.0,Kirkos,Not renovated,577769.0
757.0,1836.0,2.0,1.5,2003.0,6.0,0.0,397.0,12.2,Lideta,Partially renovated,417425.0
2013.0,7216.0,5.0,3.5,1978.0,8.0,3.0,1185.0,17.3,Kirkos,Not renovated,1008088.0
2348.0,3983.0,5.0,4.0,2000.0,3.0,1.0,0.0,2.9,Yeka,Partially renovated,1006146.0
1930.0,8782.0,5.0,4.5,1991.0,4.0,1.0,910.0,7.5,Kirkos,Partially renovated,934337.0
1149.0,3315.0,4.0,,1990.0,5.0,0.0,554.0,3.3,Nifas Silk,Partially renovated,796030.0
1949.0,7373.0,4.0,3.0,1996.0,8.0,3.0,1652.0,6.8,Nifas Silk,Partially renovated,974274.0
2077.0,6527.0,4.0,3.0,1996.0,7.0,3.0,0.0,6.7,Kirkos,Partially renovated,1448031.0
2633.0,9646.0,6.0,5.0,1998.0,7.0,1.0,0.0,6.5,Nifas Silk,Not renovated,1189063.0
1151.0,4631.0,4.0,2.5,1983.0,4.0,1.0,0.0,7.9,Bole,Not renovated,519777.0
1435.0,6048.0,4.0,3.0,1984.0,4.0,2.0,792.0,5.3,Lideta,Not renovated,500856.0
1998.0,7756.0,5.0,3.5,1993.0,7.0,1.0,917.0,3.6,Kirkos,Fully renovated,1212891.0
1581.0,4349.0,4.0,3.0,1994.0,6.0,2.0,902.0,5.1,Yeka,Partially renovated,1023096.0
1060.0,1705.0,2.0,1.0,1986.0,7.0,0.0,660.0,16.5,Yeka,Not renovated,417959.0
1785.0,5730.0,5.0,4.5,2001.0,6.0,2.0,0.0,3.1,Yeka,Not renovated,1001535.0
1887.0,3353.0,4.0,2.5,1959.0,7.0,2.0,637.0,3.8,Nifas Silk,Not renovated,888783.0
1597.0,3072.0,4.0,3.5,1980.0,6.0,2.0,0.0,2.7,Lideta,Fully renovated,805261.0
1670.0,3314.0,4.0,3.0,1989.0,7.0,2.0,649.0,0.9,Arada,Not renovated,921480.0
1419.0,4614.0,3.0,2.0,1978.0,7.0,1.0,604.0,4.5,Yeka,Partially renovated,739784.0
2562.0,5096.0,6.0,5.0,2024.0,4.0,1.0,2023.0,7.2,Kirkos,Not renovated,1133934.0
1141.0,4122.0,3.0,3.0,1995.0,3.0,0.0,0.0,2.4,Lideta,Partially renovated,554595.0
1269.0,5762.0,3.0,2.5,1999.0,8.0,1.0,0.0,11.0,Lideta,Partially renovated,743690.0
1556.0,6242.0,5.0,4.5,1985.0,8.0,3.0,772.0,6.3,Kirkos,Not renovated,879928.0
2090.0,4947.0,5.0,3.5,1995.0,5.0,1.0,0.0,9.2,Arada,Partially renovated,916002.0
932.0,3666.0,3.0,2.5,1971.0,3.0,0.0,287.0,5.9,Kirkos,Not renovated,380994.0
993.0,3629.0,2.0,1.5,1992.0,6.0,0.0,829.0,4.2,Bole,Fully renovated,706690.0
775.0,2081.0,1.0,1.5,1976.0,8.0,0.0,543.0,3.7,Arada,Not renovated,600206.0
1567.0,5406.0,4.0,3.0,1989.0,9.0,3.0,1162.0,5.7,Yeka,Partially renovated,1109955.0
1060.0,2314.0,3.0,3.5,1944.0,7.0,2.0,0.0,6.1,Nifas Silk,Not renovated,386143.0
1360.0,6215.0,2.0,1.5,1972.0,6.0,2.0,1011.0,3.3,Yeka,Partially renovated,780361.0
1941.0,2717.0,4.0,,2024.0,5.0,2.0,1523.0,4.2,Yeka,Not renovated,868450.0
1246.0,4187.0,3.0,3.0,2012.0,6.0,2.0,946.0,14.6,Kirkos,Partially renovated,570779.0
1677.0,5027.0,4.0,3.0,2021.0,6.0,3.0,1293.0,5.2,Yeka,Not renovated,1049475.0
1400.0,2593.0,4.0,3.0,2023.0,5.0,2.0,550.0,5.5,Kirkos,Not renovated,626760.0
1948.0,,5.0,4.0,2008.0,9.0,0.0,0.0,12.4,Bole,Fully renovated,1400823.0
1822.0,3429.0,5.0,4.5,1986.0,9.0,2.0,0.0,6.1,Nifas Silk,Not renovated,913491.0
1225.0,4585.0,3.0,2.0,1974.0,8.0,1.0,735.0,4.7,Arada,Not renovated,662134.0
1464.0,4855.0,3.0,2.5,2018.0,5.0,1.0,1050.0,9.0,Yeka,Partially renovated,825644.0
2210.0,3339.0,5.0,4.0,1996.0,8.0,2.0,1716.0,7.7,,Not renovated,1121537.0
1772.0,2768.0,4.0,3.5,2024.0,7.0,0.0,1088.0,5.6,Arada,Fully renovated,1141354.0
964.0,3899.0,2.0,2.0,1988.0,7.0,1.0,604.0,5.9,Bole,Not renovated,592003.0
1937.0,4837.0,4.0,4.0,2024.0,8.0,3.0,0.0,3.9,Lideta,Fully renovated,1164820.0
1072.0,4100.0,2.0,1.5,1992.0,7.0,2.0,0.0,2.0,Bole,Fully renovated,830712.0
2506.0,9539.0,6.0,4.5,2022.0,7.0,2.0,1615.0,7.0,Bole,Not renovated,1577711.0
2196.0,8960.0,5.0,4.0,2024.0,7.0,2.0,916.0,1.4,Bole,Not renovated,1469665.0
1711.0,3926.0,4.0,2.5,1975.0,7.0,2.0,912.0,2.1,Arada,Partially renovated,766620.0
1635.0,5559.0,3.0,2.0,1985.0,3.0,1.0,712.0,4.1,Lideta,Partially renovated,677608.0
1444.0,6183.0,4.0,3.0,1974.0,6.0,1.0,979.0,3.8,Arada,Not renovated,617803.0
1952.0,3422.0,4.0,4.0,1970.0,5.0,2.0,1245.0,7.5,Nifas Silk,Not renovated,715781.0
1366.0,3264.0,1.0,1.0,2008.0,4.0,3.0,1014.0,8.8,Bole,,683784.0
1679.0,3621.0,4.0,3.0,1991.0,9.0,1.0,1224.0,15.9,Arada,Partially renovated,887649.0
2085.0,4802.0,6.0,5.0,1996.0,9.0,2.0,0.0,1.2,Kirkos,Partially renovated,1433773.0
1280.0,4273.0,2.0,2.5,2006.0,8.0,3.0,264.0,6.5,Nifas Silk,Not renovated,735373.0
1257.0,3566.0,3.0,3.0,1958.0,7.0,1.0,741.0,6.3,Kirkos,Partially renovated,664970.0
1033.0,3213.0,3.0,2.0,2021.0,8.0,0.0,871.0,5.8,Kirkos,Partially renovated,646738.0
1079.0,2315.0,2.0,1.5,1988.0,6.0,2.0,0.0,7.0,Lideta,Fully renovated,579584.0
832.0,1476.0,2.0,3.0,2006.0,7.0,0.0,626.0,8.0,Nifas Silk,Not renovated,295506.0
1987.0,4529.0,4.0,3.5,2007.0,5.0,1.0,1604.0,11.2,Lideta,Not renovated,742282.0
2867.0,12119.0,6.0,4.5,2022.0,7.0,2.0,0.0,5.9,Arada,Not renovated,1551378.0
2516.0,8221.0,6.0,5.0,1993.0,6.0,2.0,1848.0,13.4,Lideta,Partially renovated,1007961.0
892.0,2521.0,2.0,2.5,1953.0,4.0,0.0,409.0,6.0,Yeka,Not renovated,393983.0
1983.0,7382.0,5.0,3.5,1996.0,6.0,2.0,1102.0,3.5,Kirkos,Not renovated,1003711.0
2514.0,4426.0,6.0,4.5,1999.0,6.0,2.0,0.0,5.6,Bole,Partially renovated,1611705.0
1327.0,3140.0,3.0,3.0,1974.0,9.0,2.0,550.0,2.5,Bole,Partially renovated,996179.0
1604.0,3884.0,3.0,2.0,1998.0,8.0,2.0,0.0,2.6,Lideta,Not renovated,791481.0
783.0,3845.0,2.0,2.0,1988.0,6.0,0.0,,4.4,Arada,Not renovated,476086.0
1697.0,,4.0,2.5,1968.0,7.0,2.0,568.0,3.9,Arada,Not renovated,894832.0
1080.0,3552.0,1.0,1.0,2008.0,6.0,3.0,0.0,11.0,Lideta,Not renovated,515577.0
1659.0,2553.0,4.0,3.0,1984.0,6.0,2.0,966.0,4.3,Kirkos,Not renovated,782991.0
912.0,2367.0,1.0,1.5,1987.0,5.0,0.0,509.0,2.3,Bole,Not renovated,638573.0
1864.0,5990.0,5.0,3.5,1986.0,6.0,3.0,1618.0,4.9,Arada,Not renovated,1254516.0
2196.0,5413.0,5.0,3.5,2020.0,5.0,3.0,,5.9,Arada,Fully renovated,1275212.0
1188.0,5162.0,2.0,2.0,1994.0,4.0,2.0,184.0,5.3,Nifas Silk,Fully renovated,555784.0
1053.0,4191.0,2.0,1.0,1997.0,7.0,,995.0,2.2,Nifas Silk,Not renovated,562156.0
745.0,1685.0,1.0,1.5,1986.0,7.0,0.0,546.0,11.8,Lideta,Partially renovated,334647.0
1416.0,5253.0,3.0,3.0,2004.0,3.0,2.0,1096.0,1.1,Lideta,Not renovated,777205.0
1272.0,5582.0,4.0,3.0,2022.0,6.0,2.0,1028.0,5.2,Nifas Silk,Fully renovated,783753.0
915.0,,4.0,3.0,2008.0,8.0,0.0,254.0,2.1,Bole,Fully renovated,839242.0
1808.0,6055.0,5.0,4.0,2009.0,8.0,0.0,1348.0,9.3,Bole,Partially renovated,1182529.0
1330.0,5576.0,3.0,1.5,2007.0,8.0,1.0,445.0,6.5,Lideta,Partially renovated,708211.0
1075.0,2294.0,2.0,2.0,1967.0,6.0,3.0,584.0,,Arada,Not renovated,597978.0
1284.0,6042.0,2.0,3.5,1977.0,5.0,0.0,519.0,4.1,Yeka,Not renovated,753999.0
2231.0,3291.0,6.0,4.5,1991.0,5.0,2.0,,11.1,Nifas Silk,Not renovated,774791.0
1903.0,6111.0,4.0,3.0,1980.0,7.0,1.0,0.0,4.1,Kirkos,Not renovated,989035.0
1483.0,4385.0,5.0,4.5,1974.0,7.0,2.0,603.0,14.1,Lideta,Partially renovated,746431.0
1913.0,6119.0,5.0,5.0,1958.0,8.0,2.0,,2.6,Kirkos,Not renovated,1151049.0
1045.0,2897.0,1.0,1.5,1968.0,8.0,1.0,0.0,4.9,Arada,Not renovated,425227.0
1567.0,4968.0,3.0,1.5,1990.0,6.0,2.0,0.0,7.9,Lideta,Partially renovated,645778.0
1630.0,,3.0,3.0,1994.0,4.0,2.0,787.0,6.8,Nifas Silk,Partially renovated,552097.0
1321.0,3214.0,3.0,4.0,1979.0,6.0,1.0,726.0,4.7,Kirkos,Partially renovated,780911.0
1797.0,4124.0,4.0,3.5,1997.0,7.0,2.0,1278.0,1.2,Arada,Partially renovated,1015445.0
1189.0,3707.0,5.0,3.0,1986.0,6.0,2.0,0.0,5.5,Arada,Fully renovated,725187.0
1843.0,5669.0,4.0,3.5,2017.0,5.0,2.0,1452.0,3.8,Kirkos,Not renovated,857015.0
1870.0,4096.0,4.0,2.5,1992.0,7.0,2.0,787.0,3.1,Arada,Partially renovated,1022794.0
575.0,1973.0,2.0,2.5,2009.0,5.0,0.0,109.0,8.2,Kirkos,Not renovated,262107.0
2323.0,5160.0,5.0,3.5,1999.0,5.0,1.0,958.0,1.0,Arada,,1123648.0
550.0,1325.0,1.0,1.0,1967.0,7.0,1.0,0.0,4.8,Arada,Fully renovated,436692.0
1257.0,3771.0,2.0,1.5,1993.0,6.0,2.0,,0.5,Yeka,Not renovated,783536.0
2197.0,5543.0,5.0,3.5,1970.0,7.0,2.0,910.0,6.8,Lideta,,960048.0
1391.0,5152.0,4.0,4.0,1993.0,7.0,2.0,1049.0,8.2,Nifas Silk,Not renovated,517110.0
942.0,2272.0,2.0,2.0,1980.0,4.0,0.0,0.0,5.4,Nifas Silk,Fully renovated,388043.0
1069.0,1011.0,3.0,2.0,2003.0,5.0,2.0,278.0,3.5,Yeka,Fully renovated,664721.0
2198.0,9926.0,6.0,4.0,1968.0,8.0,2.0,1417.0,11.0,Nifas Silk,Not renovated,1022053.0
806.0,2292.0,2.0,1.0,1995.0,4.0,1.0,429.0,11.5,Kirkos,Partially renovated,434928.0
2275.0,8595.0,5.0,3.0,2006.0,3.0,2.0,933.0,6.1,Kirkos,Not renovated,956662.0
1521.0,6646.0,3.0,2.5,2013.0,3.0,2.0,0.0,12.6,Kirkos,Partially renovated,757806.0
1033.0,4573.0,2.0,2.5,1980.0,6.0,1.0,326.0,2.6,Bole,Not renovated,641010.0
1271.0,3041.0,3.0,2.0,1995.0,6.0,2.0,388.0,4.5,Yeka,Not renovated,680134.0
1097.0,3917.0,3.0,3.5,1999.0,6.0,1.0,774.0,0.6,Yeka,Partially renovated,896942.0
2081.0,6967.0,5.0,3.5,2024.0,8.0,3.0,0.0,2.0,Bole,Fully renovated,1644828.0
1988.0,4114.0,4.0,3.0,1965.0,2.0,1.0,1715.0,1.9,Lideta,Not renovated,653164.0
864.0,2763.0,1.0,1.0,1977.0,7.0,0.0,0.0,6.8,Arada,Not renovated,588790.0
1351.0,2252.0,2.0,2.5,2024.0,9.0,0.0,945.0,2.1,Arada,Fully renovated,1030930.0
1156.0,4389.0,3.0,3.5,1990.0,4.0,0.0,512.0,0.9,Nifas Silk,Not renovated,516204.0
2406.0,8010.0,5.0,3.0,1957.0,6.0,1.0,877.0,3.0,Lideta,Not renovated,950283.0
979.0,4330.0,2.0,1.5,1983.0,5.0,0.0,666.0,3.2,Nifas Silk,Partially renovated,596169.0
2674.0,7191.0,6.0,5.0,1940.0,5.0,0.0,771.0,1.7,Bole,Not renovated,1310063.0
1533.0,3197.0,3.0,1.5,2000.0,6.0,1.0,792.0,5.1,Bole,,863004.0
1044.0,3238.0,3.0,3.0,2011.0,8.0,0.0,0.0,5.8,Arada,Not renovated,691393.0
1231.0,4117.0,3.0,3.0,1977.0,9.0,2.0,0.0,1.3,Kirkos,Not renovated,904521.0
1180.0,4697.0,2.0,2.0,1986.0,6.0,0.0,0.0,7.5,Arada,Not renovated,602706.0
1005.0,4412.0,2.0,2.0,2013.0,9.0,2.0,415.0,2.4,Lideta,Fully renovated,850403.0
1601.0,6390.0,4.0,4.0,1960.0,6.0,2.0,370.0,3.2,Lideta,Not renovated,808530.0
1021.0,3824.0,2.0,3.0,1969.0,9.0,,722.0,6.6,Yeka,Partially renovated,809228.0
739.0,3809.0,1.0,1.0,1990.0,6.0,0.0,0.0,3.2,Bole,Not renovated,436796.0
1362.0,4396.0,4.0,3.0,1980.0,6.0,3.0,0.0,2.0,Lideta,Not renovated,864608.0
840.0,986.0,3.0,2.0,1989.0,7.0,0.0,,4.9,Bole,Partially renovated,501367.0
1200.0,1679.0,3.0,3.0,1970.0,10.0,0.0,0.0,9.4,Lideta,Not renovated,636199.0
1138.0,2682.0,3.0,1.5,1999.0,8.0,2.0,877.0,8.7,Arada,Partially renovated,593774.0
1153.0,2944.0,1.0,1.0,1992.0,5.0,2.0,439.0,3.0,Bole,Not renovated,669478.0
3061.0,5525.0,6.0,4.5,2006.0,8.0,2.0,2496.0,2.3,Yeka,Partially renovated,1844367.0
1580.0,7063.0,4.0,3.0,1999.0,6.0,2.0,593.0,2.7,Yeka,Fully renovated,1101149.0
1685.0,3821.0,5.0,4.0,1999.0,5.0,2.0,1374.0,8.7,Yeka,Not renovated,899115.0
847.0,3662.0,2.0,3.0,1966.0,8.0,1.0,80.0,2.6,Kirkos,Fully renovated,590961.0
1241.0,5184.0,3.0,2.5,2005.0,6.0,3.0,661.0,12.2,Yeka,,692567.0
1668.0,5527.0,4.0,3.0,1988.0,7.0,,404.0,6.5,,Not renovated,861995.0
1094.0,3735.0,3.0,3.0,1992.0,6.0,0.0,991.0,4.6,Bole,Not renovated,596252.0
2111.0,4707.0,5.0,4.0,2016.0,7.0,0.0,1624.0,3.0,Arada,Fully renovated,1217322.0
1030.0,4033.0,3.0,3.5,1981.0,7.0,2.0,614.0,5.0,Bole,Partially renovated,883211.0
1406.0,2456.0,2.0,2.0,2022.0,3.0,3.0,0.0,2.0,Kirkos,Fully renovated,795712.0
1270.0,5649.0,3.0,2.5,2024.0,7.0,2.0,529.0,1.4,Kirkos,Partially renovated,921702.0
1639.0,3850.0,5.0,3.0,2010.0,5.0,3.0,801.0,6.5,Lideta,Not renovated,842918.0
1247.0,2252.0,2.0,1.0,1975.0,4.0,2.0,533.0,4.5,Bole,Fully renovated,666875.0
1414.0,4813.0,3.0,1.5,1951.0,6.0,,266.0,7.7,Bole,Fully renovated,816366.0
1430.0,5628.0,3.0,2.5,2017.0,6.0,2.0,965.0,5.7,Bole,Partially renovated,927586.0
1208.0,3515.0,3.0,1.5,1997.0,5.0,0.0,0.0,2.9,Yeka,Partially renovated,653895.0
1828.0,5672.0,4.0,4.0,1980.0,7.0,3.0,1303.0,8.7,Bole,Fully renovated,1400841.0
1681.0,3408.0,4.0,3.0,2018.0,4.0,2.0,991.0,3.2,Arada,Not renovated,659041.0
1504.0,5196.0,4.0,3.0,1978.0,6.0,2.0,671.0,10.2,Nifas Silk,Fully renovated,628361.0
1339.0,4774.0,3.0,2.0,1987.0,5.0,2.0,760.0,3.1,Lideta,Fully renovated,625375.0
2032.0,4780.0,5.0,4.0,2005.0,6.0,2.0,814.0,1.6,Bole,Partially renovated,1435232.0
1431.0,2592.0,4.0,2.5,1973.0,7.0,1.0,924.0,11.4,Kirkos,Not renovated,640139.0
1397.0,4152.0,4.0,2.5,1993.0,5.0,2.0,1100.0,3.0,,Not renovated,617955.0
1606.0,3031.0,4.0,4.0,2017.0,7.0,2.0,523.0,3.2,Kirkos,Fully renovated,965541.0
2760.0,7872.0,6.0,4.5,1999.0,6.0,2.0,1310.0,1.7,Bole,Fully renovated,1776637.0
983.0,2993.0,3.0,2.5,2020.0,3.0,0.0,0.0,4.3,Nifas Silk,Partially renovated,532080.0
2014.0,4048.0,5.0,4.0,2018.0,3.0,1.0,1160.0,1.8,Kirkos,Fully renovated,1058226.0
814.0,1659.0,1.0,1.0,1995.0,6.0,0.0,500.0,11.0,Kirkos,Not renovated,366410.0
1669.0,2878.0,4.0,3.5,1948.0,6.0,3.0,1252.0,3.6,Nifas Silk,Fully renovated,722389.0
2648.0,10131.0,6.0,4.0,1973.0,6.0,3.0,1645.0,2.3,Nifas Silk,Not renovated,1111931.0
1830.0,8110.0,5.0,5.0,2010.0,6.0,2.0,494.0,4.8,Kirkos,Not renovated,1034270.0
1643.0,4102.0,5.0,3.5,1964.0,7.0,1.0,1146.0,17.1,Lideta,Not renovated,575822.0
1281.0,5035.0,3.0,3.5,1988.0,8.0,1.0,1025.0,5.0,Kirkos,Not renovated,858054.0
1566.0,2460.0,3.0,2.5,2002.0,4.0,2.0,373.0,3.9,Lideta,Not renovated,725339.0
1423.0,2430.0,4.0,3.5,2024.0,4.0,1.0,365.0,4.7,Kirkos,Partially renovated,718804.0
1187.0,5002.0,2.0,2.0,1983.0,5.0,2.0,605.0,7.9,Lideta,Not renovated,592938.0
1405.0,5825.0,2.0,2.5,1982.0,7.0,2.0,721.0,7.5,Yeka,Partially renovated,857923.0
1658.0,6895.0,4.0,2.5,1994.0,8.0,2.0,974.0,5.6,Arada,Not renovated,1048063.0
1194.0,1272.0,3.0,3.0,2002.0,6.0,2.0,626.0,8.9,Nifas Silk,Fully renovated,799788.0
1178.0,3835.0,3.0,3.5,1992.0,2.0,0.0,0.0,4.9,Nifas Silk,Not renovated,332092.0
976.0,2803.0,3.0,2.5,2016.0,4.0,1.0,,4.2,Bole,Partially renovated,744203.0
1770.0,3531.0,4.0,3.0,1979.0,5.0,2.0,587.0,4.9,Lideta,Partially renovated,912967.0
1866.0,3578.0,4.0,3.0,1997.0,5.0,2.0,432.0,3.1,Yeka,,858555.0
1677.0,7678.0,4.0,3.0,2004.0,6.0,1.0,861.0,8.1,Lideta,Not renovated,720983.0
2152.0,2969.0,4.0,4.0,1987.0,6.0,1.0,1900.0,3.0,Bole,Not renovated,1150983.0
1597.0,5832.0,2.0,1.5,2012.0,6.0,1.0,1074.0,0.8,Arada,Not renovated,837622.0
1771.0,5975.0,5.0,3.5,1998.0,8.0,2.0,848.0,1.4,Kirkos,Not renovated,1065448.0
1719.0,6598.0,4.0,4.0,2011.0,5.0,2.0,1264.0,5.9,Bole,Not renovated,994966.0
1503.0,5973.0,4.0,3.5,1999.0,5.0,2.0,640.0,2.7,Kirkos,Partially renovated,965251.0
1294.0,5568.0,4.0,4.5,2003.0,7.0,2.0,642.0,7.6,Nifas Silk,Not renovated,517077.0
3291.0,6654.0,6.0,4.5,1982.0,4.0,1.0,0.0,4.6,Yeka,Not renovated,1223171.0
1329.0,1557.0,3.0,2.5,1982.0,7.0,2.0,0.0,8.0,Bole,Not renovated,829413.0
1236.0,3513.0,2.0,1.5,2019.0,6.0,0.0,846.0,0.9,Kirkos,Not renovated,758031.0
1796.0,4287.0,3.0,2.5,2008.0,6.0,3.0,1278.0,3.0,Nifas Silk,Not renovated,735834.0
1689.0,3292.0,4.0,2.0,1975.0,9.0,0.0,891.0,2.3,Bole,Partially renovated,1227915.0
961.0,2107.0,2.0,2.0,1999.0,5.0,0.0,0.0,18.0,Yeka,Partially renovated,493242.0
2270.0,4538.0,5.0,4.0,1948.0,9.0,0.0,801.0,3.4,Arada,Not renovated,1191903.0
1501.0,2105.0,5.0,4.0,1984.0,6.0,2.0,1286.0,1.4,Arada,Not renovated,761257.0
1062.0,2327.0,1.0,1.0,2014.0,4.0,1.0,243.0,5.9,Bole,Not renovated,638472.0
2322.0,9894.0,6.0,4.0,1992.0,6.0,3.0,1427.0,2.1,Nifas Silk,Partially renovated,1291686.0
1917.0,3896.0,4.0,3.5,1997.0,5.0,0.0,1226.0,8.5,Lideta,Not renovated,673912.0
1008.0,5659.0,3.0,2.0,1940.0,5.0,2.0,475.0,9.5,Bole,Fully renovated,629264.0
2836.0,12439.0,6.0,5.0,1987.0,7.0,2.0,1503.0,2.3,Bole,Partially renovated,1938339.0
1939.0,3847.0,5.0,5.0,2002.0,7.0,1.0,545.0,2.7,Kirkos,Partially renovated,1171129.0
1545.0,5809.0,3.0,3.5,2004.0,5.0,1.0,878.0,5.5,Bole,Not renovated,735263.0
2662.0,8554.0,6.0,3.5,2014.0,8.0,2.0,2201.0,8.7,Arada,Fully renovated,1666370.0
1636.0,5455.0,4.0,3.0,1991.0,8.0,2.0,831.0,5.9,Nifas Silk,Not renovated,727483.0
1535.0,3737.0,5.0,4.0,1992.0,8.0,3.0,0.0,3.4,Bole,Not renovated,973177.0
1238.0,3009.0,3.0,2.5,1968.0,7.0,1.0,395.0,1.6,Arada,Fully renovated,658889.0
1889.0,3592.0,4.0,2.5,1991.0,8.0,2.0,954.0,12.9,Nifas Silk,Partially renovated,971371.0
1823.0,6291.0,4.0,3.5,1970.0,3.0,1.0,1406.0,6.0,Bole,Not renovated,767757.0
1558.0,6446.0,5.0,4.0,1958.0,6.0,1.0,1192.0,14.6,Arada,Not renovated,721740.0
1185.0,4786.0,3.0,3.5,1973.0,5.0,,0.0,6.6,,Not renovated,572320.0
1620.0,5439.0,5.0,3.5,2024.0,6.0,2.0,0.0,13.4,Arada,Fully renovated,914847.0
1514.0,6883.0,3.0,3.0,1990.0,5.0,1.0,1144.0,2.5,Kirkos,Not renovated,828354.0
985.0,2645.0,2.0,1.0,1999.0,6.0,0.0,0.0,2.7,Nifas Silk,Not renovated,492666.0
940.0,900.0,3.0,2.0,1985.0,9.0,0.0,0.0,4.0,Arada,Not renovated,586794.0
1878.0,7848.0,5.0,4.0,1959.0,6.0,2.0,783.0,2.4,Lideta,Fully renovated,967963.0
640.0,1235.0,1.0,1.5,2014.0,7.0,0.0,200.0,1.2,Lideta,Partially renovated,386088.0
1662.0,1437.0,3.0,2.0,1952.0,6.0,3.0,1083.0,2.9,Kirkos,Not renovated,818124.0
1317.0,4217.0,4.0,3.0,1984.0,6.0,2.0,790.0,6.5,Kirkos,Fully renovated,830594.0
2418.0,11477.0,6.0,4.0,1994.0,6.0,2.0,886.0,1.8,Lideta,Not renovated,1170879.0
1311.0,3625.0,4.0,3.0,2000.0,7.0,0.0,476.0,1.9,Bole,Partially renovated,1038907.0
1940.0,5593.0,6.0,5.0,1980.0,8.0,3.0,0.0,3.0,Nifas Silk,Partially renovated,1088959.0
1354.0,2685.0,3.0,,1958.0,9.0,2.0,719.0,2.2,Arada,Not renovated,753005.0
1611.0,3063.0,4.0,3.0,1979.0,7.0,2.0,843.0,3.2,Lideta,Partially renovated,682899.0
1991.0,3937.0,6.0,4.0,1980.0,7.0,2.0,908.0,4.3,Lideta,Fully renovated,1047589.0
1324.0,4684.0,4.0,3.0,1980.0,4.0,2.0,478.0,1.9,Bole,Not renovated,668769.0
2175.0,8903.0,4.0,4.0,2014.0,6.0,2.0,1460.0,3.1,Bole,Not renovated,1249534.0
1106.0,2237.0,2.0,2.0,1971.0,8.0,,646.0,4.5,Yeka,Fully renovated,862657.0
1713.0,4267.0,4.0,2.5,2001.0,8.0,1.0,683.0,2.5,Bole,Not renovated,1124757.0
2121.0,4271.0,5.0,3.5,1998.0,7.0,1.0,0.0,,Nifas Silk,Partially renovated,1176374.0
1940.0,2912.0,4.0,2.5,2014.0,8.0,2.0,895.0,2.6,Lideta,Not renovated,1038906.0
2974.0,10022.0,6.0,,1992.0,7.0,2.0,1756.0,3.5,Bole,Fully renovated,2156818.0
1196.0,4892.0,3.0,3.0,2011.0,8.0,2.0,463.0,1.1,Nifas Silk,Partially renovated,829249.0
970.0,3562.0,3.0,2.5,1992.0,7.0,0.0,0.0,6.6,Kirkos,Fully renovated,737540.0
1105.0,3770.0,1.0,2.0,2004.0,6.0,2.0,834.0,3.7,Kirkos,Not renovated,631456.0
1940.0,5904.0,5.0,4.0,1965.0,7.0,2.0,553.0,2.6,Bole,Fully renovated,1283687.0
1836.0,4001.0,5.0,4.0,1942.0,2.0,2.0,753.0,1.3,Yeka,Not renovated,721087.0
1605.0,3354.0,3.0,3.0,2003.0,7.0,3.0,208.0,6.1,Kirkos,Partially renovated,958161.0
1058.0,6176.0,2.0,1.0,2004.0,1.0,1.0,,9.5,Arada,Partially renovated,364020.0
2012.0,6994.0,4.0,3.5,2005.0,4.0,2.0,1129.0,,Yeka,Not renovated,910680.0
1022.0,4013.0,2.0,2.0,1985.0,7.0,3.0,761.0,13.8,Nifas Silk,Partially renovated,539955.0
2299.0,,6.0,5.0,2024.0,7.0,1.0,689.0,4.4,Yeka,Not renovated,1252200.0
4095.0,14247.0,6.0,5.0,1986.0,4.0,2.0,2519.0,4.5,Arada,Not renovated,1459473.0
1756.0,8493.0,4.0,2.5,2003.0,5.0,2.0,760.0,7.8,Yeka,Partially renovated,871422.0
1890.0,4808.0,5.0,4.5,2007.0,8.0,2.0,798.0,6.3,Kirkos,Not renovated,1082240.0
1311.0,2368.0,3.0,2.5,2024.0,5.0,,713.0,1.8,Yeka,Partially renovated,766381.0
838.0,1956.0,2.0,1.5,1989.0,10.0,1.0,0.0,2.9,Yeka,Not renovated,612813.0
1263.0,2605.0,3.0,2.5,1982.0,6.0,3.0,627.0,8.7,Bole,Not renovated,797372.0
1069.0,1380.0,3.0,2.5,1965.0,7.0,1.0,572.0,6.4,Yeka,Partially renovated,707439.0
948.0,3095.0,3.0,3.5,2024.0,9.0,0.0,723.0,13.9,Lideta,Not renovated,468348.0
2784.0,10606.0,6.0,4.5,2003.0,6.0,2.0,889.0,5.7,Yeka,Fully renovated,1537969.0
1701.0,6868.0,3.0,2.5,2004.0,5.0,0.0,1397.0,6.5,Bole,Fully renovated,998775.0
1764.0,5835.0,5.0,4.5,2024.0,6.0,1.0,0.0,2.6,Bole,Not renovated,1156023.0
1395.0,2759.0,4.0,4.0,2002.0,6.0,3.0,1026.0,9.4,Bole,Not renovated,943331.0
1462.0,5416.0,4.0,3.5,1969.0,4.0,2.0,0.0,0.6,Bole,Not renovated,863880.0
2152.0,5770.0,6.0,5.0,1991.0,6.0,0.0,1336.0,5.0,Bole,,1404457.0
1533.0,2299.0,4.0,3.5,1976.0,5.0,2.0,188.0,6.6,Bole,Not renovated,957452.0
1856.0,3855.0,4.0,3.5,1987.0,8.0,2.0,1539.0,5.5,Yeka,Fully renovated,1244687.0
1450.0,3040.0,3.0,3.0,1987.0,6.0,0.0,841.0,4.4,Kirkos,Fully renovated,981947.0
1380.0,2779.0,2.0,2.0,1983.0,6.0,2.0,358.0,4.1,Nifas Silk,Not renovated,583689.0
961.0,3884.0,2.0,2.0,1967.0,6.0,0.0,472.0,4.5,Arada,Partially renovated,629504.0
791.0,2967.0,1.0,2.0,2024.0,7.0,0.0,538.0,2.0,Bole,Not renovated,694112.0
1418.0,5172.0,3.0,3.5,2001.0,7.0,3.0,1057.0,,Kirkos,Partially renovated,771823.0
1580.0,3211.0,5.0,4.0,1990.0,5.0,1.0,,2.6,Kirkos,Not renovated,737967.0
1001.0,3604.0,3.0,2.0,2010.0,5.0,1.0,587.0,3.0,Kirkos,Partially renovated,545082.0
1532.0,6118.0,4.0,4.0,2004.0,8.0,1.0,1001.0,1.8,Kirkos,Not renovated,834787.0
1579.0,3094.0,3.0,3.0,2001.0,6.0,2.0,1079.0,18.0,Yeka,Fully renovated,905756.0
745.0,2336.0,2.0,,2009.0,4.0,1.0,,5.2,Yeka,Not renovated,650851.0
1136.0,3564.0,3.0,2.5,1998.0,7.0,3.0,530.0,1.5,Kirkos,Partially renovated,804804.0
1780.0,4048.0,4.0,,2008.0,7.0,1.0,1117.0,,Arada,Fully renovated,1173656.0
1768.0,2773.0,4.0,3.0,2010.0,4.0,2.0,1414.0,9.4,Lideta,Partially renovated,873458.0
1047.0,3664.0,3.0,2.0,1998.0,7.0,2.0,297.0,5.4,Arada,Partially renovated,770130.0
1636.0,2002.0,3.0,2.5,1991.0,7.0,2.0,,4.3,Nifas Silk,Not renovated,742203.0
2194.0,4839.0,5.0,4.0,2024.0,7.0,0.0,651.0,2.5,Lideta,Not renovated,1024002.0
2019.0,4499.0,4.0,3.0,1985.0,7.0,2.0,861.0,5.4,Arada,Not renovated,1057252.0
1501.0,6360.0,3.0,3.0,2003.0,4.0,1.0,1091.0,7.3,Arada,Fully renovated,870265.0
1322.0,3211.0,3.0,3.0,2003.0,7.0,2.0,,7.4,Kirkos,Not renovated,789443.0
1251.0,3729.0,3.0,3.0,1983.0,6.0,2.0,796.0,5.1,Bole,Not renovated,829482.0
1817.0,4186.0,5.0,3.5,1979.0,5.0,0.0,0.0,5.1,,Partially renovated,841955.0
1656.0,7372.0,4.0,3.5,1988.0,8.0,3.0,1343.0,10.4,Kirkos,Not renovated,831682.0
1920.0,5745.0,5.0,4.0,1985.0,8.0,2.0,1280.0,9.7,Lideta,Fully renovated,1175222.0
1621.0,6656.0,5.0,3.0,1966.0,9.0,2.0,906.0,3.9,Yeka,Not renovated,953395.0
2048.0,4443.0,4.0,3.5,1982.0,8.0,2.0,1273.0,13.2,Kirkos,Not renovated,1086570.0
1601.0,3054.0,5.0,4.0,2000.0,6.0,2.0,497.0,1.5,Bole,Partially renovated,1170077.0
2024.0,6947.0,5.0,5.0,2020.0,7.0,2.0,0.0,5.2,Nifas Silk,Not renovated,862216.0
2084.0,5126.0,6.0,5.0,2006.0,7.0,1.0,1277.0,5.6,Lideta,Fully renovated,1128520.0
1179.0,3958.0,3.0,3.0,1943.0,6.0,2.0,487.0,2.3,Kirkos,Not renovated,843420.0
838.0,2921.0,2.0,2.0,2008.0,6.0,0.0,0.0,1.3,Yeka,Not renovated,560725.0
2620.0,7773.0,6.0,4.5,1984.0,7.0,2.0,659.0,2.4,Bole,Not renovated,1431957.0
1691.0,8384.0,4.0,2.5,2004.0,6.0,2.0,979.0,8.3,Arada,Not renovated,926620.0
865.0,2910.0,2.0,1.0,1995.0,5.0,1.0,0.0,8.4,Yeka,Partially renovated,418260.0
1216.0,2575.0,3.0,2.0,1991.0,6.0,3.0,847.0,7.1,Kirkos,Not renovated,510484.0
2015.0,6310.0,5.0,4.0,1993.0,7.0,0.0,0.0,2.6,Yeka,Partially renovated,1243639.0
1409.0,2084.0,3.0,1.5,1995.0,6.0,0.0,560.0,8.5,Nifas Silk,Fully renovated,551303.0
1302.0,4892.0,3.0,2.0,2022.0,7.0,2.0,673.0,2.8,Nifas Silk,Not renovated,723984.0
2496.0,,6.0,4.5,1995.0,7.0,2.0,2118.0,5.5,Bole,Partially renovated,1509233.0
1086.0,3302.0,3.0,2.5,2017.0,6.0,1.0,327.0,4.5,Kirkos,Not renovated,709529.0
1182.0,2482.0,2.0,1.5,2014.0,7.0,2.0,697.0,3.4,Kirkos,Fully renovated,854514.0
1666.0,3033.0,3.0,2.5,2008.0,7.0,2.0,951.0,6.8,Nifas Silk,Not renovated,536376.0
1770.0,2763.0,4.0,4.0,1959.0,4.0,1.0,0.0,7.7,Arada,Partially renovated,762880.0
1835.0,6352.0,5.0,4.0,2017.0,8.0,3.0,733.0,2.5,Kirkos,Not renovated,1137012.0
2113.0,4373.0,6.0,4.0,1986.0,5.0,2.0,1261.0,4.7,Nifas Silk,Not renovated,974049.0
1658.0,4460.0,3.0,2.5,2009.0,4.0,2.0,1497.0,7.5,Kirkos,Not renovated,795309.0
1831.0,4206.0,4.0,3.0,1976.0,5.0,1.0,836.0,0.5,Lideta,Not renovated,859238.0
1419.0,2979.0,3.0,2.0,1971.0,5.0,2.0,0.0,6.0,Yeka,Fully renovated,730771.0
1583.0,3414.0,4.0,2.5,2024.0,6.0,2.0,1296.0,7.6,Kirkos,Not renovated,777805.0
1608.0,5855.0,5.0,4.5,1976.0,6.0,1.0,0.0,6.1,Yeka,Fully renovated,1004806.0
1668.0,6473.0,3.0,2.5,2018.0,6.0,1.0,743.0,6.3,Kirkos,Not renovated,832689.0
2016.0,3352.0,4.0,2.5,1997.0,7.0,1.0,853.0,4.3,Arada,Not renovated,1110428.0
1872.0,8834.0,4.0,3.0,1987.0,7.0,0.0,1359.0,7.2,Nifas Silk,Not renovated,811339.0
1573.0,5172.0,4.0,3.0,1994.0,7.0,3.0,0.0,1.7,Lideta,Not renovated,735638.0
1177.0,4236.0,3.0,1.5,1969.0,7.0,2.0,811.0,2.4,Kirkos,Fully renovated,750927.0
1586.0,5603.0,4.0,3.0,1995.0,7.0,2.0,1001.0,6.3,Arada,Not renovated,951665.0
1535.0,5193.0,4.0,3.5,1973.0,3.0,3.0,822.0,7.3,Bole,Fully renovated,874801.0
1655.0,7377.0,3.0,2.5,1987.0,6.0,2.0,375.0,9.4,Arada,Not renovated,764274.0
3282.0,9504.0,6.0,5.0,2014.0,3.0,2.0,1243.0,12.0,Yeka,Not renovated,1328344.0
1297.0,3769.0,3.0,3.0,2000.0,6.0,2.0,530.0,2.7,Bole,Not renovated,780404.0
1789.0,4909.0,5.0,4.5,1965.0,6.0,2.0,633.0,2.0,Nifas Silk,Partially renovated,685962.0
2229.0,3586.0,4.0,4.5,2012.0,8.0,1.0,1444.0,8.1,Kirkos,Not renovated,1460423.0
1603.0,5277.0,4.0,3.5,1995.0,8.0,,0.0,3.3,Bole,Fully renovated,1280288.0
3432.0,5333.0,6.0,4.5,1984.0,7.0,2.0,954.0,4.4,Lideta,Not renovated,1436724.0
1363.0,3122.0,4.0,3.5,2010.0,5.0,1.0,671.0,7.6,Arada,Not renovated,540324.0
1731.0,3137.0,3.0,2.0,1992.0,7.0,2.0,0.0,5.2,Nifas Silk,Partially renovated,896250.0
1181.0,3445.0,3.0,2.5,1972.0,5.0,2.0,279.0,7.1,Kirkos,Partially renovated,646330.0
1375.0,,2.0,1.5,2024.0,6.0,2.0,0.0,2.5,Bole,Fully renovated,1048036.0
1687.0,4491.0,4.0,3.5,1995.0,8.0,1.0,569.0,,Bole,Not renovated,1111894.0
2067.0,5815.0,5.0,3.5,1993.0,5.0,2.0,0.0,5.6,Yeka,Partially renovated,966767.0
1728.0,3000.0,5.0,3.5,1987.0,7.0,2.0,1222.0,9.3,Kirkos,Not renovated,1098174.0
2378.0,6613.0,5.0,4.0,2019.0,7.0,,1745.0,10.6,Kirkos,Fully renovated,1489967.0
1501.0,3914.0,4.0,3.0,1985.0,5.0,2.0,0.0,3.3,Lideta,Not renovated,778104.0
1384.0,5034.0,4.0,2.0,1964.0,8.0,1.0,874.0,2.2,Kirkos,Fully renovated,1019732.0
3887.0,12474.0,6.0,3.5,1981.0,7.0,0.0,2600.0,7.4,Yeka,Not renovated,1924098.0
1772.0,5533.0,5.0,3.0,2022.0,6.0,2.0,1047.0,1.2,Yeka,Partially renovated,999509.0
1214.0,3292.0,3.0,2.0,2012.0,5.0,1.0,0.0,7.7,Bole,Fully renovated,774315.0
1224.0,4908.0,3.0,2.5,1990.0,5.0,2.0,814.0,8.1,Kirkos,Fully renovated,653425.0
1125.0,5738.0,2.0,2.0,2022.0,5.0,3.0,492.0,3.1,Kirkos,Not renovated,811578.0
2131.0,5962.0,6.0,5.0,2010.0,7.0,1.0,851.0,0.5,Yeka,Not renovated,1370268.0
1369.0,4036.0,2.0,2.0,1990.0,5.0,2.0,375.0,8.6,Bole,Fully renovated,747662.0
1619.0,1730.0,4.0,4.0,1992.0,7.0,2.0,,11.1,Bole,Partially renovated,1014882.0
1517.0,6619.0,4.0,3.5,2002.0,4.0,2.0,393.0,10.6,Yeka,Partially renovated,807250.0
1988.0,4351.0,5.0,4.0,1978.0,6.0,0.0,0.0,10.8,Lideta,Not renovated,845517.0
1162.0,2371.0,2.0,2.5,1995.0,6.0,1.0,970.0,,Yeka,Not renovated,574414.0
1075.0,5358.0,2.0,2.5,2001.0,10.0,3.0,552.0,4.8,Kirkos,Not renovated,620301.0
1673.0,6329.0,4.0,3.5,1961.0,4.0,1.0,548.0,5.5,Lideta,Partially renovated,711167.0
1901.0,3315.0,5.0,4.5,1991.0,8.0,2.0,0.0,5.0,Yeka,Not renovated,906938.0
1736.0,1959.0,6.0,3.0,1989.0,6.0,2.0,816.0,7.1,Kirkos,Not renovated,878924.0
1177.0,2717.0,2.0,1.5,2016.0,7.0,1.0,1206.0,2.0,Bole,,1006317.0
1952.0,5804.0,5.0,3.5,1958.0,6.0,2.0,1142.0,1.1,Arada,Partially renovated,1171400.0
1204.0,2773.0,2.0,2.5,1987.0,7.0,1.0,748.0,0.8,Kirkos,Fully renovated,796320.0
1298.0,6088.0,4.0,4.0,1985.0,6.0,1.0,703.0,8.7,Nifas Silk,Not renovated,610250.0
1124.0,5130.0,2.0,1.0,2014.0,8.0,2.0,963.0,1.6,Lideta,Not renovated,750177.0
2412.0,7087.0,5.0,4.5,1994.0,5.0,3.0,0.0,5.0,Nifas Silk,Not renovated,848480.0
1922.0,6477.0,4.0,2.5,2024.0,8.0,1.0,673.0,3.0,Arada,Not renovated,1162377.0
1904.0,,4.0,2.5,2008.0,5.0,1.0,659.0,3.1,Bole,Partially renovated,1118546.0
2369.0,3912.0,6.0,4.5,1987.0,6.0,3.0,550.0,4.0,Yeka,Not renovated,1179858.0
4033.0,14794.0,6.0,4.5,2000.0,5.0,1.0,0.0,3.2,Yeka,Not renovated,1771233.0
867.0,,2.0,1.0,1988.0,7.0,0.0,0.0,1.1,Kirkos,Not renovated,508607.0
1206.0,2624.0,2.0,2.0,2012.0,8.0,2.0,877.0,4.0,Kirkos,Partially renovated,901286.0
1257.0,2975.0,3.0,3.0,1968.0,6.0,,0.0,2.5,Nifas Silk,Fully renovated,653182.0
1161.0,1485.0,3.0,3.0,1979.0,6.0,2.0,925.0,2.4,Arada,Not renovated,687283.0
1075.0,2702.0,3.0,2.5,2004.0,4.0,2.0,0.0,13.1,Nifas Silk,Not renovated,347624.0
1400.0,5231.0,3.0,2.5,2020.0,6.0,1.0,263.0,,Nifas Silk,Not renovated,608040.0
1025.0,3545.0,1.0,1.0,1951.0,4.0,3.0,825.0,3.9,Arada,Partially renovated,551704.0
1737.0,4593.0,4.0,4.0,2022.0,5.0,3.0,1276.0,5.3,Arada,Not renovated,828548.0
1577.0,6564.0,5.0,2.5,1992.0,7.0,3.0,1014.0,13.1,Yeka,Not renovated,944117.0
1825.0,5168.0,4.0,2.5,1957.0,8.0,2.0,673.0,1.9,Nifas Silk,Partially renovated,988491.0
1842.0,7340.0,4.0,3.0,1940.0,10.0,2.0,1475.0,10.3,Yeka,Partially renovated,1344841.0
1903.0,5125.0,4.0,2.5,1964.0,5.0,2.0,0.0,4.0,Bole,Partially renovated,1253662.0
1365.0,2952.0,4.0,3.0,1995.0,8.0,,913.0,4.1,Yeka,Not renovated,785110.0
3188.0,13071.0,6.0,4.5,1994.0,7.0,2.0,1204.0,6.9,Bole,Fully renovated,1938053.0
1679.0,3329.0,3.0,2.0,2008.0,6.0,2.0,970.0,11.3,Nifas Silk,Not renovated,616361.0
823.0,900.0,2.0,2.0,1984.0,7.0,1.0,0.0,3.2,Yeka,Not renovated,535463.0
1102.0,2836.0,1.0,1.5,1973.0,6.0,2.0,0.0,5.5,Yeka,Partially renovated,683682.0
858.0,2022.0,3.0,2.5,1987.0,6.0,1.0,485.0,5.0,Lideta,Not renovated,482377.0
1559.0,3707.0,4.0,3.0,1996.0,6.0,2.0,0.0,4.9,Kirkos,Partially renovated,958795.0
1487.0,5513.0,4.0,3.0,2000.0,4.0,2.0,0.0,7.6,Kirkos,Not renovated,608271.0
1322.0,,3.0,2.5,1979.0,4.0,3.0,0.0,2.7,Yeka,Not renovated,685792.0
3071.0,7361.0,6.0,3.5,2013.0,7.0,,1706.0,3.5,Yeka,Partially renovated,1901341.0
1868.0,5491.0,4.0,3.5,1983.0,6.0,0.0,0.0,1.2,Kirkos,Not renovated,766990.0
1984.0,4637.0,5.0,3.5,1978.0,5.0,0.0,0.0,6.5,Lideta,Partially renovated,777730.0
1129.0,3374.0,2.0,2.5,1984.0,6.0,2.0,0.0,4.7,Yeka,Partially renovated,620546.0
1104.0,2616.0,3.0,3.0,2016.0,7.0,2.0,250.0,11.1,Kirkos,Not renovated,614317.0
1570.0,2996.0,4.0,4.0,1992.0,6.0,2.0,0.0,1.8,Nifas Silk,Partially renovated,755656.0
1644.0,4816.0,5.0,3.5,1981.0,5.0,1.0,0.0,14.1,Nifas Silk,Fully renovated,713941.0
825.0,2818.0,2.0,1.5,2014.0,8.0,0.0,670.0,7.2,Arada,Fully renovated,616749.0
1458.0,6020.0,4.0,2.5,2024.0,9.0,2.0,315.0,7.0,Lideta,Not renovated,726587.0
1557.0,4280.0,3.0,2.0,1999.0,7.0,2.0,0.0,2.9,Bole,Partially renovated,1001128.0
1441.0,5196.0,3.0,3.0,2020.0,8.0,3.0,926.0,3.7,Nifas Silk,Fully renovated,936254.0
1176.0,2546.0,3.0,3.5,2016.0,8.0,3.0,0.0,3.3,Nifas Silk,Partially renovated,805107.0
